id,inclinacion_peligrosa
1,0
2,0
3,1
4,0
5,0
6,0
7,0
8,0
9,0
10,0
11,1
12,0
13,1
14,1
15,0
16,0
17,0
18,0
19,1
20,0
21,0
22,0
23,1
24,1
25,0
26,1
27,0
28,0
29,0
30,0
31,0
32,0
33,1
34,0
35,0
36,0
37,0
38,0
39,0
40,0
41,0
42,0
43,1
44,0
45,1
46,0
47,0
48,1
49,0
50,0
51,0
52,0
53,1
54,0
55,0
56,0
57,1
58,1
59,0
60,0
61,1
62,1
63,1
64,1
65,0
66,0
67,0
68,0
69,1
70,1
71,0
72,0
73,1
74,1
75,0
76,0
77,0
78,0
79,0
80,0
81,0
82,0
83,0
84,0
85,1
86,1
87,0
88,0
89,1
90,1
91,0
92,1
93,0
94,1
95,1
96,0
97,0
98,0
99,0
100,0
101,1
102,1
103,0
104,0
105,0
106,1
107,0
108,0
109,0
110,0
111,0
112,0
113,0
114,0
115,1
116,0
117,1
118,0
119,1
120,1
121,1
122,1
123,0
124,0
125,0
126,0
127,0
128,1
129,1
130,1
131,0
132,0
133,1
134,0
135,0
136,0
137,1
138,1
139,0
140,0
141,1
142,0
143,0
144,0
145,1
146,1
147,0
148,1
149,0
150,1
151,1
152,0
153,1
154,0
155,1
156,0
157,1
158,0
159,1
160,1
161,0
162,0
163,1
164,0
165,0
166,1
167,1
168,0
169,1
170,1
171,0
172,1
173,1
174,1
175,0
176,1
177,0
178,0
179,1
180,0
181,0
182,0
183,0
184,0
185,0
186,0
187,0
188,0
189,0
190,1
191,1
192,0
193,0
194,0
195,1
196,0
197,0
198,0
199,0
200,0
201,0
202,0
203,0
204,0
205,1
206,0
207,1
208,0
209,0
210,0
211,0
212,0
213,0
214,1
215,1
216,1
217,0
218,0
219,1
220,0
221,1
222,0
223,0
224,0
225,0
226,0
227,0
228,0
229,0
230,0
231,0
232,0
233,0
234,1
235,0
236,1
237,1
238,0
239,0
240,1
241,1
242,1
243,1
244,0
245,1
246,1
247,1
248,0
249,1
250,1
251,0
252,0
253,1
254,0
255,0
256,0
257,0
258,0
259,0
260,0
261,1
262,1
263,1
264,0
265,0
266,0
267,1
268,1
269,0
270,0
271,0
272,0
273,0
274,1
275,0
276,0
277,1
278,0
279,0
280,0
281,1
282,0
283,1
284,0
285,1
286,0
287,0
288,0
289,1
290,0
291,0
292,0
293,0
294,0
295,0
296,0
297,0
298,0
299,0
300,0
301,0
302,0
303,0
304,0
305,1
306,0
307,1
308,0
309,0
310,0
311,0
312,0
313,0
314,0
315,0
316,1
317,1
318,0
319,0
320,0
321,1
322,0
323,0
324,0
325,1
326,0
327,1
328,0
329,0
330,0
331,0
332,0
333,0
334,0
335,0
336,0
337,0
338,1
339,0
340,0
341,1
342,1
343,0
344,1
345,1
346,1
347,1
348,0
349,0
350,0
351,0
352,0
353,0
354,0
355,0
356,0
357,0
358,0
359,0
360,1
361,0
362,0
363,0
364,0
365,1
366,1
367,0
368,0
369,1
370,1
371,1
372,1
373,0
374,1
375,1
376,0
377,0
378,0
379,1
380,0
381,0
382,0
383,0
384,0
385,1
386,1
387,0
388,0
389,0
390,1
391,0
392,0
393,0
394,0
395,0
396,0
397,0
398,1
399,0
400,0
401,1
402,0
403,1
404,0
405,0
406,1
407,1
408,1
409,1
410,0
411,1
412,0
413,0
414,0
415,0
416,0
417,0
418,0
419,0
420,1
421,1
422,0
423,1
424,0
425,1
426,0
427,0
428,0
429,1
430,0
431,0
432,0
433,1
434,0
435,0
436,0
437,0
438,1
439,0
440,1
441,0
442,1
443,0
444,1
445,1
446,0
447,0
448,0
449,0
450,1
451,1
452,0
453,0
454,1
455,1
456,0
457,0
458,0
459,0
460,0
461,0
462,0
463,0
464,1
465,1
466,1
467,1
468,1
469,1
470,0
471,0
472,0
473,0
474,0
475,1
476,1
477,0
478,0
479,0
480,1
481,0
482,0
483,0
484,0
485,1
486,0
487,0
488,0
489,0
490,1
491,0
492,1
493,1
494,0
495,1
496,0
497,1
498,0
499,0
500,0
501,0
502,0
503,0
504,0
505,1
506,0
507,0
508,0
509,1
510,0
511,0
512,1
513,0
514,1
515,1
516,0
517,0
518,1
519,0
520,1
521,0
522,0
523,0
524,1
525,1
526,0
527,0
528,0
529,0
530,0
531,1
532,0
533,1
534,1
535,0
536,0
537,0
538,0
539,0
540,0
541,0
542,0
543,1
544,1
545,0
546,0
547,0
548,1
549,1
550,0
551,1
552,0
553,1
554,0
555,1
556,0
557,1
558,0
559,0
560,0
561,0
562,0
563,0
564,0
565,1
566,0
567,1
568,0
569,0
570,0
571,1
572,0
573,0
574,0
575,1
576,0
577,1
578,1
579,0
580,1
581,0
582,1
583,1
584,0
585,1
586,0
587,1
588,0
589,1
590,0
591,0
592,0
593,0
594,0
595,1
596,1
597,1
598,0
599,1
600,0
601,1
602,1
603,1
604,1
605,0
606,1
607,1
608,0
609,0
610,0
611,0
612,0
613,0
614,1
615,0
616,0
617,0
618,0
619,0
620,1
621,1
622,0
623,1
624,0
625,1
626,1
627,0
628,0
629,0
630,0
631,0
632,0
633,0
634,0
635,0
636,1
637,1
638,0
639,1
640,0
641,0
642,0
643,1
644,1
645,1
646,1
647,1
648,0
649,0
650,0
651,0
652,1
653,1
654,1
655,0
656,1
657,1
658,1
659,0
660,0
661,0
662,0
663,1
664,1
665,0
666,0
667,0
668,1
669,1
670,1
671,0
672,1
673,0
674,1
675,0
676,1
677,1
678,0
679,0
680,1
681,0
682,0
683,0
684,0
685,0
686,0
687,1
688,0
689,0
690,1
691,0
692,0
693,1
694,0
695,0
696,0
697,0
698,0
699,0
700,0
701,1
702,0
703,1
704,0
705,0
706,0
707,1
708,0
709,1
710,0
711,0
712,1
713,0
714,1
715,1
716,0
717,0
718,0
719,1
720,0
721,0
722,0
723,0
724,0
725,0
726,0
727,0
728,0
729,0
730,1
731,1
732,1
733,0
734,0
735,1
736,1
737,1
738,0
739,0
740,0
741,0
742,0
743,0
744,1
745,1
746,0
747,0
748,0
749,0
750,1
751,0
752,0
753,0
754,0
755,1
756,0
757,0
758,0
759,0
760,0
761,0
762,0
763,1
764,0
765,0
766,1
767,1
768,0
769,0
770,0
771,0
772,0
773,1
774,1
775,0
776,0
777,0
778,1
779,0
780,0
781,1
782,0
783,0
784,1
785,0
786,1
787,1
788,0
789,0
790,1
791,0
792,0
793,0
794,0
795,0
796,0
797,0
798,1
799,0
800,1
801,0
802,0
803,0
804,1
805,0
806,1
807,0
808,0
809,0
810,0
811,0
812,1
813,1
814,0
815,0
816,0
817,1
818,0
819,1
820,0
821,0
822,0
823,0
824,1
825,0
826,1
827,0
828,1
829,0
830,1
831,1
832,0
833,1
834,0
835,1
836,1
837,1
838,0
839,1
840,0
841,0
842,0
843,0
844,0
845,1
846,0
847,1
848,0
849,0
850,0
851,1
852,0
853,1
854,1
855,0
856,0
857,1
858,1
859,0
860,0
861,0
862,0
863,0
864,0
865,1
866,1
867,0
868,0
869,0
870,0
871,1
872,1
873,1
874,0
875,0
876,1
877,1
878,1
879,1
880,1
881,0
882,0
883,1
884,1
885,0
886,0
887,0
888,0
889,0
890,0
891,0
892,0
893,0
894,1
895,0
896,1
897,0
898,0
899,0
900,1
901,0
902,1
903,0
904,0
905,0
906,1
907,0
908,1
909,0
910,0
911,0
912,0
913,0
914,0
915,1
916,0
917,0
918,0
919,0
920,0
921,1
922,0
923,1
924,0
925,0
926,0
927,0
928,0
929,0
930,1
931,0
932,0
933,0
934,0
935,1
936,1
937,1
938,1
939,0
940,0
941,1
942,1
943,0
944,0
945,0
946,1
947,1
948,0
949,0
950,1
951,0
952,1
953,0
954,0
955,0
956,0
957,0
958,0
959,0
960,0
961,0
962,1
963,0
964,1
965,1
966,0
967,1
968,1
969,0
970,0
971,0
972,0
973,0
974,0
975,0
976,0
977,0
978,0
979,1
980,1
981,0
982,0
983,0
984,0
985,0
986,1
987,0
988,1
989,1
990,0
991,0
992,0
993,1
994,0
995,0
996,0
997,1
998,0
999,0
1000,0
1001,1
1002,1
1003,0
1004,0
1005,0
1006,0
1007,0
1008,0
1009,1
1010,1
1011,1
1012,0
1013,0
1014,1
1015,1
1016,0
1017,0
1018,0
1019,0
1020,1
1021,1
1022,0
1023,0
1024,0
1025,0
1026,0
1027,1
1028,1
1029,0
1030,0
1031,0
1032,1
1033,0
1034,1
1035,0
1036,1
1037,1
1038,1
1039,1
1040,0
1041,1
1042,1
1043,1
1044,0
1045,0
1046,0
1047,1
1048,0
1049,1
1050,1
1051,0
1052,0
1053,0
1054,0
1055,0
1056,1
1057,0
1058,0
1059,1
1060,0
1061,0
1062,0
1063,0
1064,0
1065,0
1066,1
1067,1
1068,0
1069,1
1070,1
1071,1
1072,0
1073,1
1074,0
1075,0
1076,0
1077,1
1078,0
1079,0
1080,0
1081,1
1082,1
1083,0
1084,1
1085,0
1086,0
1087,0
1088,0
1089,0
1090,0
1091,1
1092,1
1093,0
1094,0
1095,0
1096,0
1097,1
1098,0
1099,1
1100,1
1101,1
1102,1
1103,1
1104,1
1105,1
1106,1
1107,1
1108,0
1109,0
1110,1
1111,0
1112,0
1113,0
1114,0
1115,1
1116,1
1117,1
1118,1
1119,0
1120,0
1121,0
1122,0
1123,1
1124,0
1125,0
1126,1
1127,0
1128,0
1129,0
1130,0
1131,0
1132,0
1133,1
1134,1
1135,1
1136,0
1137,0
1138,1
1139,0
1140,1
1141,0
1142,0
1143,0
1144,0
1145,0
1146,0
1147,1
1148,0
1149,0
1150,0
1151,0
1152,1
1153,1
1154,1
1155,1
1156,1
1157,1
1158,1
1159,0
1160,0
1161,0
1162,0
1163,1
1164,0
1165,0
1166,0
1167,0
1168,0
1169,0
1170,1
1171,0
1172,0
1173,0
1174,0
1175,0
1176,0
1177,0
1178,1
1179,0
1180,1
1181,1
1182,1
1183,1
1184,0
1185,0
1186,0
1187,0
1188,0
1189,0
1190,0
1191,0
1192,1
1193,1
1194,0
1195,1
1196,0
1197,0
1198,1
1199,0
1200,0
1201,0
1202,1
1203,0
1204,0
1205,1
1206,1
1207,1
1208,1
1209,0
1210,0
1211,0
1212,1
1213,1
1214,1
1215,0
1216,0
1217,1
1218,0
1219,0
1220,1
1221,1
1222,0
1223,0
1224,0
1225,1
1226,1
1227,1
1228,0
1229,1
1230,1
1231,1
1232,0
1233,1
1234,0
1235,1
1236,0
1237,0
1238,1
1239,0
1240,1
1241,1
1242,0
1243,0
1244,0
1245,1
1246,1
1247,0
1248,0
1249,0
1250,0
1251,0
1252,0
1253,0
1254,0
1255,1
1256,0
1257,0
1258,0
1259,1
1260,0
1261,1
1262,1
1263,0
1264,0
1265,1
1266,0
1267,0
1268,0
1269,1
1270,0
1271,1
1272,1
1273,0
1274,0
1275,0
1276,0
1277,0
1278,0
1279,1
1280,1
1281,1
1282,0
1283,0
1284,0
1285,1
1286,0
1287,0
1288,0
1289,0
1290,0
1291,1
1292,1
1293,1
1294,1
1295,0
1296,0
1297,1
1298,1
1299,0
1300,0
1301,0
1302,0
1303,1
1304,0
1305,1
1306,0
1307,0
1308,1
1309,1
1310,1
1311,0
1312,0
1313,0
1314,0
1315,1
1316,0
1317,0
1318,0
1319,0
1320,0
1321,1
1322,0
1323,0
1324,1
1325,1
1326,0
1327,1
1328,1
1329,1
1330,1
1331,0
1332,0
1333,0
1334,0
1335,1
1336,0
1337,0
1338,0
1339,0
1340,0
1341,0
1342,0
1343,0
1344,0
1345,0
1346,0
1347,0
1348,0
1349,1
1350,0
1351,1
1352,0
1353,0
1354,0
1355,1
1356,0
1357,0
1358,0
1359,0
1360,0
1361,0
1362,1
1363,0
1364,1
1365,1
1366,1
1367,1
1368,0
1369,0
1370,1
1371,0
1372,0
1373,0
1374,1
1375,1
1376,0
1377,1
1378,0
1379,0
1380,1
1381,0
1382,0
1383,0
1384,0
1385,0
1386,0
1387,1
1388,0
1389,0
1390,0
1391,0
1392,1
1393,1
1394,0
1395,0
1396,1
1397,1
1398,0
1399,0
1400,0
1401,0
1402,0
1403,0
1404,1
1405,0
1406,0
1407,0
1408,0
1409,0
1410,0
1411,1
1412,1
1413,0
1414,0
1415,0
1416,0
1417,1
1418,0
1419,0
1420,0
1421,0
1422,0
1423,0
1424,0
1425,0
1426,0
1427,1
1428,1
1429,1
1430,0
1431,0
1432,1
1433,0
1434,1
1435,0
1436,1
1437,0
1438,1
1439,1
1440,0
1441,0
1442,1
1443,0
1444,0
1445,0
1446,0
1447,0
1448,1
1449,0
1450,0
1451,0
1452,0
1453,0
1454,0
1455,0
1456,0
1457,0
1458,0
1459,1
1460,0
1461,1
1462,0
1463,0
1464,0
1465,0
1466,0
1467,1
1468,0
1469,1
1470,0
1471,0
1472,1
1473,1
1474,1
1475,0
1476,0
1477,0
1478,1
1479,0
1480,0
1481,1
1482,0
1483,0
1484,0
1485,0
1486,1
1487,0
1488,0
1489,0
1490,0
1491,1
1492,0
1493,0
1494,1
1495,0
1496,0
1497,0
1498,1
1499,0
1500,1
1501,1
1502,1
1503,0
1504,0
1505,0
1506,0
1507,0
1508,0
1509,0
1510,0
1511,0
1512,0
1513,1
1514,0
1515,1
1516,0
1517,0
1518,1
1519,1
1520,1
1521,0
1522,1
1523,1
1524,1
1525,0
1526,0
1527,1
1528,0
1529,1
1530,0
1531,1
1532,1
1533,0
1534,1
1535,0
1536,0
1537,1
1538,1
1539,1
1540,0
1541,0
1542,0
1543,1
1544,1
1545,0
1546,0
1547,0
1548,0
1549,0
1550,0
1551,0
1552,1
1553,0
1554,1
1555,1
1556,1
1557,0
1558,1
1559,0
1560,0
1561,1
1562,0
1563,1
1564,0
1565,0
1566,0
1567,0
1568,1
1569,1
1570,1
1571,1
1572,0
1573,0
1574,0
1575,1
1576,0
1577,0
1578,0
1579,0
1580,0
1581,1
1582,1
1583,1
1584,0
1585,1
1586,1
1587,0
1588,1
1589,0
1590,1
1591,0
1592,1
1593,0
1594,0
1595,0
1596,1
1597,0
1598,0
1599,1
1600,0
1601,0
1602,0
1603,1
1604,0
1605,1
1606,0
1607,1
1608,0
1609,1
1610,0
1611,0
1612,0
1613,0
1614,1
1615,0
1616,0
1617,0
1618,0
1619,0
1620,0
1621,1
1622,0
1623,0
1624,0
1625,0
1626,1
1627,0
1628,1
1629,0
1630,0
1631,0
1632,0
1633,0
1634,1
1635,0
1636,1
1637,1
1638,0
1639,0
1640,0
1641,1
1642,1
1643,0
1644,0
1645,0
1646,0
1647,0
1648,0
1649,1
1650,0
1651,0
1652,0
1653,1
1654,0
1655,0
1656,1
1657,1
1658,1
1659,0
1660,1
1661,1
1662,0
1663,1
1664,0
1665,1
1666,1
1667,1
1668,0
1669,1
1670,1
1671,0
1672,1
1673,1
1674,1
1675,1
1676,1
1677,1
1678,1
1679,0
1680,0
1681,0
1682,0
1683,0
1684,0
1685,1
1686,0
1687,1
1688,1
1689,1
1690,1
1691,0
1692,1
1693,0
1694,0
1695,0
1696,0
1697,0
1698,0
1699,0
1700,0
1701,1
1702,0
1703,1
1704,0
1705,1
1706,1
1707,0
1708,0
1709,1
1710,1
1711,0
1712,0
1713,1
1714,0
1715,0
1716,0
1717,1
1718,0
1719,0
1720,0
1721,1
1722,1
1723,0
1724,1
1725,0
1726,1
1727,0
1728,0
1729,0
1730,0
1731,0
1732,0
1733,0
1734,1
1735,0
1736,1
1737,1
1738,0
1739,1
1740,0
1741,1
1742,0
1743,1
1744,0
1745,1
1746,1
1747,1
1748,1
1749,1
1750,0
1751,1
1752,0
1753,0
1754,0
1755,1
1756,0
1757,0
1758,0
1759,1
1760,1
1761,0
1762,0
1763,0
1764,0
1765,0
1766,1
1767,1
1768,1
1769,1
1770,0
1771,0
1772,1
1773,0
1774,0
1775,1
1776,0
1777,1
1778,1
1779,0
1780,0
1781,1
1782,0
1783,0
1784,0
1785,0
1786,0
1787,0
1788,1
1789,0
1790,0
1791,1
1792,0
1793,0
1794,1
1795,1
1796,0
1797,1
1798,1
1799,1
1800,0
1801,0
1802,0
1803,0
1804,1
1805,0
1806,0
1807,0
1808,1
1809,0
1810,0
1811,1
1812,0
1813,0
1814,0
1815,1
1816,1
1817,0
1818,1
1819,0
1820,0
1821,0
1822,1
1823,1
1824,0
1825,1
1826,1
1827,0
1828,1
1829,0
1830,0
1831,0
1832,1
1833,0
1834,0
1835,0
1836,0
1837,0
1838,0
1839,0
1840,1
1841,0
1842,0
1843,1
1844,0
1845,0
1846,0
1847,0
1848,0
1849,1
1850,0
1851,0
1852,1
1853,0
1854,1
1855,0
1856,0
1857,1
1858,0
1859,1
1860,1
1861,0
1862,0
1863,0
1864,0
1865,0
1866,1
1867,1
1868,0
1869,0
1870,0
1871,0
1872,1
1873,0
1874,1
1875,0
1876,0
1877,1
1878,0
1879,0
1880,1
1881,0
1882,1
1883,0
1884,0
1885,1
1886,1
1887,1
1888,1
1889,1
1890,1
1891,1
1892,1
1893,0
1894,1
1895,1
1896,1
1897,1
1898,0
1899,0
1900,0
1901,1
1902,0
1903,0
1904,1
1905,1
1906,0
1907,0
1908,1
1909,0
1910,0
1911,0
1912,1
1913,0
1914,1
1915,1
1916,0
1917,1
1918,0
1919,0
1920,0
1921,1
1922,0
1923,1
1924,0
1925,1
1926,0
1927,1
1928,0
1929,0
1930,1
1931,1
1932,0
1933,0
1934,1
1935,0
1936,1
1937,1
1938,0
1939,0
1940,0
1941,0
1942,0
1943,0
1944,0
1945,1
1946,0
1947,1
1948,1
1949,0
1950,0
1951,0
1952,0
1953,1
1954,1
1955,0
1956,0
1957,1
1958,0
1959,1
1960,1
1961,0
1962,0
1963,0
1964,0
1965,0
1966,0
1967,0
1968,0
1969,0
1970,1
1971,1
1972,0
1973,0
1974,1
1975,0
1976,1
1977,0
1978,0
1979,0
1980,0
1981,0
1982,1
1983,0
1984,1
1985,0
1986,0
1987,1
1988,0
1989,0
1990,0
1991,1
1992,0
1993,0
1994,0
1995,1
1996,0
1997,0
1998,0
1999,0
2000,1
2001,1
2002,1
2003,0
2004,0
2005,0
2006,0
2007,1
2008,0
2009,0
2010,1
2011,1
2012,1
2013,1
2014,0
2015,0
2016,0
2017,0
2018,0
2019,0
2020,0
2021,1
2022,0
2023,1
2024,0
2025,1
2026,0
2027,0
2028,0
2029,1
2030,0
2031,0
2032,0
2033,0
2034,0
2035,1
2036,0
2037,0
2038,0
2039,0
2040,1
2041,0
2042,0
2043,1
2044,0
2045,0
2046,0
2047,0
2048,1
2049,0
2050,0
2051,0
2052,1
2053,0
2054,0
2055,0
2056,1
2057,1
2058,1
2059,1
2060,1
2061,0
2062,0
2063,0
2064,1
2065,1
2066,0
2067,1
2068,0
2069,0
2070,0
2071,1
2072,0
2073,0
2074,0
2075,0
2076,0
2077,1
2078,1
2079,0
2080,0
2081,0
2082,0
2083,1
2084,1
2085,1
2086,1
2087,1
2088,0
2089,0
2090,0
2091,1
2092,0
2093,0
2094,1
2095,0
2096,1
2097,0
2098,1
2099,1
2100,1
2101,0
2102,1
2103,0
2104,1
2105,0
2106,1
2107,0
2108,0
2109,0
2110,0
2111,1
2112,1
2113,0
2114,1
2115,1
2116,0
2117,1
2118,0
2119,0
2120,0
2121,0
2122,0
2123,1
2124,1
2125,0
2126,1
2127,1
2128,0
2129,1
2130,0
2131,1
2132,0
2133,1
2134,1
2135,0
2136,0
2137,0
2138,1
2139,0
2140,1
2141,1
2142,1
2143,0
2144,0
2145,1
2146,1
2147,1
2148,1
2149,1
2150,0
2151,1
2152,0
2153,1
2154,0
2155,1
2156,0
2157,0
2158,1
2159,1
2160,0
2161,1
2162,1
2163,1
2164,0
2165,0
2166,0
2167,0
2168,0
2169,0
2170,1
2171,1
2172,1
2173,0
2174,0
2175,0
2176,1
2177,1
2178,0
2179,0
2180,0
2181,0
2182,0
2183,1
2184,0
2185,0
2186,0
2187,1
2188,1
2189,1
2190,0
2191,0
2192,0
2193,0
2194,0
2195,0
2196,0
2197,1
2198,0
2199,0
2200,1
2201,0
2202,0
2203,0
2204,0
2205,0
2206,1
2207,1
2208,1
2209,0
2210,0
2211,0
2212,1
2213,0
2214,1
2215,0
2216,0
2217,0
2218,0
2219,0
2220,0
2221,1
2222,1
2223,1
2224,1
2225,0
2226,1
2227,0
2228,1
2229,0
2230,0
2231,0
2232,0
2233,0
2234,0
2235,0
2236,1
2237,1
2238,1
2239,0
2240,0
2241,1
2242,0
2243,1
2244,1
2245,0
2246,1
2247,0
2248,1
2249,0
2250,1
2251,1
2252,1
2253,0
2254,1
2255,0
2256,0
2257,0
2258,0
2259,1
2260,0
2261,0
2262,1
2263,0
2264,0
2265,0
2266,0
2267,0
2268,1
2269,0
2270,1
2271,0
2272,0
2273,0
2274,0
2275,0
2276,0
2277,0
2278,0
2279,0
2280,0
2281,0
2282,0
2283,0
2284,0
2285,0
2286,0
2287,0
2288,0
2289,1
2290,1
2291,0
2292,0
2293,1
2294,0
2295,0
2296,1
2297,0
2298,1
2299,0
2300,1
2301,0
2302,1
2303,0
2304,0
2305,0
2306,0
2307,1
2308,0
2309,0
2310,0
2311,0
2312,1
2313,0
2314,1
2315,0
2316,1
2317,0
2318,0
2319,0
2320,0
2321,0
2322,1
2323,1
2324,0
2325,0
2326,0
2327,1
2328,0
2329,0
2330,0
2331,1
2332,1
2333,0
2334,0
2335,1
2336,0
2337,0
2338,0
2339,0
2340,0
2341,1
2342,0
2343,1
2344,1
2345,0
2346,0
2347,0
2348,1
2349,0
2350,1
2351,0
2352,0
2353,0
2354,1
2355,0
2356,0
2357,0
2358,1
2359,0
2360,0
2361,0
2362,1
2363,0
2364,0
2365,0
2366,1
2367,1
2368,1
2369,1
2370,0
2371,1
2372,0
2373,1
2374,1
2375,0
2376,0
2377,1
2378,0
2379,0
2380,0
2381,0
2382,1
2383,1
2384,0
2385,0
2386,0
2387,0
2388,0
2389,0
2390,0
2391,0
2392,1
2393,0
2394,0
2395,1
2396,0
2397,0
2398,0
2399,1
2400,1
2401,1
2402,0
2403,0
2404,1
2405,1
2406,1
2407,0
2408,0
2409,0
2410,0
2411,0
2412,0
2413,1
2414,0
2415,0
2416,0
2417,0
2418,0
2419,0
2420,1
2421,1
2422,0
2423,0
2424,0
2425,1
2426,1
2427,0
2428,0
2429,0
2430,1
2431,0
2432,0
2433,1
2434,0
2435,1
2436,1
2437,0
2438,0
2439,1
2440,0
2441,0
2442,1
2443,1
2444,0
2445,1
2446,0
2447,0
2448,1
2449,0
2450,1
2451,0
2452,0
2453,1
2454,0
2455,0
2456,1
2457,1
2458,1
2459,0
2460,0
2461,0
2462,1
2463,1
2464,0
2465,1
2466,0
2467,1
2468,0
2469,0
2470,0
2471,1
2472,0
2473,1
2474,1
2475,0
2476,0
2477,0
2478,0
2479,1
2480,0
2481,1
2482,1
2483,0
2484,0
2485,0
2486,0
2487,0
2488,0
2489,0
2490,1
2491,0
2492,0
2493,1
2494,0
2495,1
2496,0
2497,0
2498,0
2499,0
2500,0
2501,0
2502,0
2503,1
2504,0
2505,0
2506,1
2507,0
2508,0
2509,0
2510,1
2511,0
2512,1
2513,0
2514,0
2515,0
2516,1
2517,1
2518,1
2519,1
2520,1
2521,0
2522,0
2523,0
2524,0
2525,0
2526,1
2527,1
2528,1
2529,0
2530,1
2531,0
2532,0
2533,1
2534,1
2535,0
2536,1
2537,0
2538,1
2539,1
2540,0
2541,0
2542,0
2543,1
2544,0
2545,1
2546,1
2547,1
2548,0
2549,1
2550,1
2551,0
2552,1
2553,1
2554,1
2555,0
2556,0
2557,0
2558,0
2559,1
2560,0
2561,0
2562,1
2563,0
2564,0
2565,0
2566,1
2567,1
2568,0
2569,0
2570,0
2571,0
2572,0
2573,0
2574,0
2575,0
2576,0
2577,0
2578,0
2579,0
2580,0
2581,0
2582,0
2583,1
2584,0
2585,1
2586,1
2587,0
2588,0
2589,0
2590,0
2591,0
2592,0
2593,0
2594,1
2595,0
2596,0
2597,0
2598,1
2599,0
2600,0
2601,1
2602,0
2603,1
2604,1
2605,1
2606,1
2607,0
2608,0
2609,0
2610,0
2611,1
2612,0
2613,0
2614,1
2615,0
2616,0
2617,1
2618,0
2619,1
2620,1
2621,0
2622,0
2623,0
2624,1
2625,1
2626,0
2627,1
2628,0
2629,0
2630,0
2631,0
2632,1
2633,1
2634,0
2635,1
2636,0
2637,0
2638,0
2639,0
2640,0
2641,0
2642,0
2643,0
2644,0
2645,0
2646,0
2647,0
2648,0
2649,0
2650,0
2651,0
2652,0
2653,1
2654,1
2655,0
2656,1
2657,0
2658,0
2659,0
2660,0
2661,0
2662,1
2663,1
2664,1
2665,0
2666,1
2667,0
2668,0
2669,0
2670,0
2671,0
2672,0
2673,0
2674,1
2675,0
2676,1
2677,0
2678,1
2679,1
2680,0
2681,0
2682,0
2683,1
2684,1
2685,0
2686,0
2687,0
2688,0
2689,0
2690,0
2691,0
2692,1
2693,0
2694,1
2695,0
2696,0
2697,0
2698,0
2699,0
2700,0
2701,1
2702,1
2703,0
2704,0
2705,0
2706,0
2707,0
2708,0
2709,0
2710,1
2711,0
2712,0
2713,1
2714,0
2715,0
2716,0
2717,1
2718,0
2719,0
2720,0
2721,1
2722,1
2723,0
2724,0
2725,1
2726,1
2727,1
2728,1
2729,1
2730,0
2731,0
2732,0
2733,1
2734,0
2735,0
2736,0
2737,0
2738,1
2739,0
2740,1
2741,0
2742,0
2743,0
2744,0
2745,0
2746,1
2747,1
2748,0
2749,0
2750,0
2751,1
2752,0
2753,0
2754,1
2755,0
2756,0
2757,0
2758,0
2759,0
2760,0
2761,1
2762,0
2763,1
2764,0
2765,1
2766,1
2767,0
2768,1
2769,0
2770,0
2771,0
2772,0
2773,1
2774,1
2775,0
2776,1
2777,1
2778,0
2779,0
2780,1
2781,1
2782,0
2783,0
2784,1
2785,0
2786,1
2787,0
2788,0
2789,0
2790,0
2791,0
2792,1
2793,0
2794,0
2795,0
2796,0
2797,0
2798,0
2799,0
2800,0
2801,0
2802,0
2803,1
2804,1
2805,0
2806,1
2807,0
2808,0
2809,0
2810,0
2811,0
2812,1
2813,0
2814,1
2815,0
2816,1
2817,0
2818,0
2819,0
2820,1
2821,0
2822,0
2823,0
2824,1
2825,1
2826,0
2827,0
2828,1
2829,0
2830,0
2831,0
2832,0
2833,0
2834,1
2835,0
2836,0
2837,0
2838,0
2839,0
2840,0
2841,0
2842,1
2843,0
2844,1
2845,0
2846,0
2847,0
2848,0
2849,0
2850,1
2851,1
2852,0
2853,1
2854,0
2855,0
2856,0
2857,0
2858,0
2859,0
2860,0
2861,0
2862,0
2863,0
2864,1
2865,1
2866,0
2867,1
2868,0
2869,1
2870,0
2871,0
2872,0
2873,0
2874,0
2875,1
2876,1
2877,1
2878,1
2879,0
2880,0
2881,0
2882,0
2883,0
2884,1
2885,1
2886,1
2887,0
2888,0
2889,0
2890,0
2891,1
2892,0
2893,1
2894,0
2895,0
2896,1
2897,1
2898,0
2899,1
2900,1
2901,0
2902,1
2903,0
2904,1
2905,0
2906,0
2907,0
2908,1
2909,0
2910,0
2911,0
2912,0
2913,1
2914,0
2915,0
2916,0
2917,0
2918,0
2919,1
2920,0
2921,1
2922,0
2923,0
2924,1
2925,0
2926,0
2927,0
2928,0
2929,0
2930,0
2931,0
2932,0
2933,1
2934,1
2935,0
2936,0
2937,0
2938,0
2939,1
2940,0
2941,0
2942,0
2943,0
2944,0
2945,1
2946,1
2947,1
2948,1
2949,0
2950,0
2951,1
2952,0
2953,0
2954,1
2955,1
2956,0
2957,1
2958,1
2959,0
2960,1
2961,0
2962,1
2963,1
2964,0
2965,0
2966,0
2967,0
2968,0
2969,0
2970,0
2971,0
2972,0
2973,0
2974,0
2975,0
2976,1
2977,0
2978,0
2979,1
2980,0
2981,0
2982,0
2983,0
2984,0
2985,0
2986,0
2987,1
2988,0
2989,1
2990,0
2991,0
2992,0
2993,0
2994,0
2995,0
2996,0
2997,1
2998,0
2999,1
3000,0
3001,1
3002,0
3003,0
3004,0
3005,0
3006,1
3007,1
3008,0
3009,0
3010,0
3011,0
3012,0
3013,0
3014,0
3015,1
3016,0
3017,0
3018,0
3019,1
3020,0
3021,1
3022,0
3023,1
3024,0
3025,0
3026,1
3027,0
3028,0
3029,1
3030,0
3031,0
3032,0
3033,1
3034,0
3035,0
3036,0
3037,0
3038,0
3039,1
3040,1
3041,0
3042,1
3043,0
3044,0
3045,0
3046,0
3047,0
3048,0
3049,1
3050,1
3051,0
3052,0
3053,1
3054,0
3055,1
3056,0
3057,1
3058,0
3059,0
3060,1
3061,0
3062,1
3063,1
3064,1
3065,1
3066,0
3067,1
3068,1
3069,1
3070,0
3071,1
3072,0
3073,1
3074,1
3075,0
3076,1
3077,1
3078,1
3079,1
3080,1
3081,0
3082,0
3083,0
3084,0
3085,0
3086,0
3087,1
3088,0
3089,1
3090,1
3091,1
3092,0
3093,0
3094,0
3095,0
3096,0
3097,0
3098,0
3099,0
3100,0
3101,0
3102,0
3103,1
3104,0
3105,0
3106,0
3107,0
3108,0
3109,0
3110,0
3111,0
3112,0
3113,1
3114,0
3115,0
3116,0
3117,0
3118,1
3119,0
3120,0
3121,0
3122,0
3123,1
3124,0
3125,0
3126,0
3127,0
3128,1
3129,0
3130,1
3131,0
3132,1
3133,0
3134,1
3135,1
3136,1
3137,1
3138,0
3139,1
3140,1
3141,0
3142,0
3143,0
3144,0
3145,0
3146,1
3147,0
3148,1
3149,0
3150,0
3151,0
3152,0
3153,0
3154,1
3155,1
3156,1
3157,1
3158,0
3159,1
3160,0
3161,0
3162,1
3163,0
3164,1
3165,1
3166,0
3167,0
3168,0
3169,1
3170,0
3171,1
3172,0
3173,1
3174,1
3175,1
3176,0
3177,0
3178,0
3179,1
3180,1
3181,0
3182,1
3183,0
3184,0
3185,1
3186,1
3187,0
3188,0
3189,1
3190,0
3191,0
3192,0
3193,1
3194,0
3195,1
3196,1
3197,1
3198,0
3199,0
3200,1
3201,0
3202,1
3203,0
3204,1
3205,0
3206,1
3207,0
3208,0
3209,0
3210,0
3211,0
3212,0
3213,1
3214,1
3215,0
3216,0
3217,0
3218,0
3219,0
3220,0
3221,0
3222,1
3223,1
3224,1
3225,1
3226,0
3227,0
3228,0
3229,1
3230,1
3231,0
3232,1
3233,1
3234,0
3235,1
3236,0
3237,0
3238,1
3239,0
3240,0
3241,0
3242,0
3243,1
3244,0
3245,0
3246,0
3247,1
3248,0
3249,0
3250,0
3251,0
3252,0
3253,0
3254,1
3255,0
3256,0
3257,0
3258,1
3259,0
3260,1
3261,0
3262,0
3263,0
3264,0
3265,1
3266,0
3267,1
3268,0
3269,0
3270,0
3271,0
3272,0
3273,0
3274,0
3275,0
3276,0
3277,1
3278,1
3279,0
3280,1
3281,0
3282,1
3283,0
3284,1
3285,0
3286,0
3287,1
3288,1
3289,1
3290,0
3291,1
3292,0
3293,0
3294,1
3295,1
3296,0
3297,1
3298,0
3299,0
3300,0
3301,1
3302,0
3303,0
3304,0
3305,0
3306,0
3307,0
3308,0
3309,0
3310,0
3311,1
3312,0
3313,0
3314,0
3315,0
3316,1
3317,0
3318,0
3319,0
3320,0
3321,1
3322,0
3323,0
3324,0
3325,0
3326,0
3327,0
3328,0
3329,0
3330,0
3331,0
3332,0
3333,0
3334,1
3335,0
3336,0
3337,1
3338,0
3339,0
3340,1
3341,0
3342,1
3343,1
3344,0
3345,0
3346,0
3347,1
3348,1
3349,1
3350,1
3351,0
3352,1
3353,0
3354,1
3355,1
3356,1
3357,1
3358,1
3359,0
3360,0
3361,1
3362,1
3363,0
3364,0
3365,0
3366,0
3367,0
3368,1
3369,0
3370,0
3371,0
3372,1
3373,1
3374,1
3375,1
3376,0
3377,0
3378,0
3379,1
3380,0
3381,1
3382,0
3383,1
3384,0
3385,0
3386,0
3387,0
3388,0
3389,0
3390,1
3391,0
3392,0
3393,1
3394,0
3395,0
3396,0
3397,0
3398,1
3399,0
3400,0
3401,1
3402,0
3403,0
3404,0
3405,0
3406,1
3407,0
3408,1
3409,0
3410,0
3411,0
3412,0
3413,1
3414,1
3415,1
3416,0
3417,0
3418,0
3419,0
3420,1
3421,0
3422,0
3423,1
3424,0
3425,0
3426,0
3427,0
3428,0
3429,0
3430,0
3431,1
3432,1
3433,0
3434,0
3435,0
3436,1
3437,0
3438,1
3439,0
3440,0
3441,1
3442,0
3443,0
3444,1
3445,0
3446,0
3447,0
3448,1
3449,1
3450,1
3451,0
3452,1
3453,1
3454,0
3455,0
3456,0
3457,1
3458,0
3459,0
3460,1
3461,0
3462,0
3463,0
3464,0
3465,0
3466,0
3467,1
3468,0
3469,1
3470,0
3471,0
3472,0
3473,1
3474,1
3475,0
3476,0
3477,0
3478,1
3479,0
3480,0
3481,0
3482,0
3483,1
3484,1
3485,0
3486,1
3487,0
3488,0
3489,0
3490,0
3491,0
3492,0
3493,1
3494,0
3495,0
3496,1
3497,0
3498,0
3499,1
3500,1
3501,0
3502,0
3503,1
3504,0
3505,0
3506,0
3507,1
3508,0
3509,1
3510,1
3511,0
3512,1
3513,0
3514,0
3515,0
3516,0
3517,0
3518,0
3519,0
3520,0
3521,0
3522,0
3523,0
3524,0
3525,0
3526,1
3527,0
3528,1
3529,1
3530,0
3531,1
3532,1
3533,0
3534,0
3535,1
3536,1
3537,0
3538,1
3539,0
3540,0
3541,1
3542,0
3543,0
3544,1
3545,0
3546,1
3547,1
3548,0
3549,0
3550,1
3551,0
3552,1
3553,1
3554,0
3555,0
3556,0
3557,0
3558,0
3559,0
3560,0
3561,0
3562,0
3563,0
3564,0
3565,0
3566,1
3567,1
3568,0
3569,1
3570,0
3571,0
3572,0
3573,1
3574,0
3575,1
3576,0
3577,1
3578,0
3579,0
3580,0
3581,0
3582,1
3583,0
3584,0
3585,0
3586,1
3587,1
3588,1
3589,1
3590,1
3591,0
3592,0
3593,0
3594,0
3595,1
3596,1
3597,0
3598,1
3599,1
3600,1
3601,1
3602,0
3603,1
3604,0
3605,0
3606,0
3607,0
3608,0
3609,0
3610,0
3611,0
3612,0
3613,1
3614,1
3615,0
3616,0
3617,1
3618,1
3619,0
3620,0
3621,1
3622,0
3623,0
3624,0
3625,1
3626,0
3627,1
3628,0
3629,1
3630,0
3631,1
3632,0
3633,0
3634,0
3635,0
3636,0
3637,0
3638,0
3639,0
3640,0
3641,1
3642,0
3643,0
3644,0
3645,0
3646,0
3647,0
3648,1
3649,0
3650,0
3651,0
3652,0
3653,0
3654,0
3655,0
3656,1
3657,0
3658,1
3659,1
3660,0
3661,1
3662,0
3663,0
3664,1
3665,0
3666,0
3667,0
3668,1
3669,0
3670,1
3671,0
3672,0
3673,1
3674,0
3675,0
3676,1
3677,0
3678,0
3679,0
3680,0
3681,0
3682,0
3683,0
3684,0
3685,1
3686,1
3687,0
3688,1
3689,0
3690,0
3691,0
3692,0
3693,0
3694,1
3695,0
3696,1
3697,1
3698,0
3699,0
3700,0
3701,0
3702,0
3703,1
3704,0
3705,1
3706,0
3707,0
3708,0
3709,1
3710,1
3711,0
3712,1
3713,0
3714,1
3715,0
3716,1
3717,0
3718,1
3719,0
3720,1
3721,0
3722,0
3723,0
3724,0
3725,1
3726,0
3727,0
3728,0
3729,1
3730,1
3731,0
3732,1
3733,0
3734,0
3735,0
3736,1
3737,1
3738,0
3739,0
3740,1
3741,1
3742,1
3743,0
3744,1
3745,0
3746,1
3747,0
3748,1
3749,0
3750,0
3751,0
3752,1
3753,0
3754,0
3755,0
3756,0
3757,0
3758,1
3759,0
3760,0
3761,0
3762,0
3763,0
3764,1
3765,1
3766,0
3767,0
3768,0
3769,0
3770,1
3771,0
3772,0
3773,0
3774,0
3775,1
3776,1
3777,1
3778,0
3779,0
3780,0
3781,0
3782,0
3783,1
3784,1
3785,1
3786,0
3787,0
3788,0
3789,1
3790,0
3791,0
3792,0
3793,1
3794,1
3795,0
3796,0
3797,0
3798,1
3799,1
3800,0
3801,0
3802,0
3803,0
3804,0
3805,1
3806,0
3807,0
3808,1
3809,1
3810,1
3811,0
3812,0
3813,1
3814,1
3815,0
3816,0
3817,0
3818,0
3819,0
3820,1
3821,1
3822,1
3823,0
3824,0
3825,1
3826,0
3827,0
3828,1
3829,0
3830,0
3831,1
3832,0
3833,1
3834,1
3835,1
3836,0
3837,1
3838,0
3839,0
3840,1
3841,0
3842,1
3843,1
3844,0
3845,1
3846,0
3847,0
3848,1
3849,0
3850,0
3851,0
3852,0
3853,1
3854,0
3855,0
3856,0
3857,0
3858,0
3859,1
3860,0
3861,1
3862,0
3863,1
3864,1
3865,0
3866,0
3867,0
3868,0
3869,1
3870,1
3871,1
3872,0
3873,1
3874,1
3875,0
3876,1
3877,0
3878,0
3879,1
3880,0
3881,1
3882,0
3883,0
3884,0
3885,1
3886,0
3887,1
3888,0
3889,0
3890,0
3891,0
3892,1
3893,0
3894,0
3895,0
3896,1
3897,0
3898,0
3899,0
3900,1
3901,0
3902,1
3903,0
3904,0
3905,0
3906,1
3907,0
3908,0
3909,0
3910,0
3911,0
3912,1
3913,0
3914,0
3915,0
3916,0
3917,1
3918,0
3919,0
3920,0
3921,1
3922,1
3923,1
3924,1
3925,0
3926,0
3927,0
3928,1
3929,1
3930,0
3931,1
3932,0
3933,1
3934,0
3935,1
3936,0
3937,0
3938,1
3939,0
3940,0
3941,1
3942,1
3943,1
3944,1
3945,1
3946,1
3947,0
3948,1
3949,0
3950,1
3951,0
3952,0
3953,0
3954,1
3955,0
3956,0
3957,1
3958,0
3959,0
3960,0
3961,1
3962,0
3963,0
3964,1
3965,0
3966,0
3967,0
3968,0
3969,0
3970,1
3971,0
3972,0
3973,1
3974,0
3975,0
3976,0
3977,1
3978,0
3979,0
3980,0
3981,0
3982,0
3983,0
3984,0
3985,1
3986,0
3987,0
3988,0
3989,0
3990,1
3991,0
3992,0
3993,0
3994,1
3995,0
3996,1
3997,0
3998,0
3999,1
4000,1
4001,0
4002,1
4003,1
4004,1
4005,0
4006,1
4007,1
4008,1
4009,1
4010,0
4011,1
4012,0
4013,1
4014,0
4015,0
4016,0
4017,0
4018,1
4019,0
4020,0
4021,0
4022,1
4023,1
4024,0
4025,1
4026,0
4027,0
4028,1
4029,0
4030,0
4031,0
4032,1
4033,0
4034,0
4035,0
4036,0
4037,1
4038,1
4039,0
4040,0
4041,0
4042,0
4043,0
4044,1
4045,0
4046,1
4047,0
4048,1
4049,0
4050,0
4051,0
4052,0
4053,1
4054,1
4055,1
4056,0
4057,1
4058,0
4059,0
4060,1
4061,0
4062,1
4063,1
4064,0
4065,1
4066,0
4067,0
4068,0
4069,0
4070,1
4071,0
4072,0
4073,0
4074,1
4075,1
4076,0
4077,0
4078,0
4079,0
4080,1
4081,0
4082,0
4083,0
4084,0
4085,1
4086,0
4087,0
4088,0
4089,0
4090,0
4091,0
4092,0
4093,1
4094,0
4095,1
4096,1
4097,0
4098,1
4099,0
4100,0
4101,0
4102,1
4103,0
4104,1
4105,1
4106,0
4107,1
4108,0
4109,0
4110,0
4111,0
4112,0
4113,0
4114,1
4115,0
4116,1
4117,0
4118,0
4119,0
4120,0
4121,0
4122,0
4123,1
4124,0
4125,0
4126,0
4127,1
4128,0
4129,0
4130,0
4131,0
4132,0
4133,1
4134,0
4135,1
4136,0
4137,1
4138,1
4139,0
4140,0
4141,0
4142,0
4143,0
4144,0
4145,0
4146,0
4147,0
4148,0
4149,1
4150,1
4151,0
4152,0
4153,0
4154,0
4155,1
4156,0
4157,1
4158,0
4159,0
4160,0
4161,0
4162,0
4163,0
4164,1
4165,0
4166,0
4167,0
4168,0
4169,0
4170,0
4171,0
4172,1
4173,0
4174,0
4175,1
4176,0
4177,0
4178,1
4179,0
4180,0
4181,0
4182,1
4183,0
4184,0
4185,0
4186,1
4187,0
4188,0
4189,0
4190,0
4191,1
4192,0
4193,0
4194,0
4195,0
4196,0
4197,0
4198,1
4199,0
4200,1
4201,1
4202,0
4203,0
4204,0
4205,0
4206,1
4207,0
4208,0
4209,0
4210,1
4211,0
4212,0
4213,0
4214,0
4215,0
4216,1
4217,1
4218,1
4219,0
4220,0
4221,0
4222,1
4223,0
4224,1
4225,1
4226,0
4227,0
4228,0
4229,0
4230,1
4231,1
4232,1
4233,0
4234,0
4235,0
4236,1
4237,0
4238,0
4239,0
4240,0
4241,1
4242,1
4243,0
4244,0
4245,1
4246,0
4247,0
4248,0
4249,0
4250,1
4251,1
4252,1
4253,0
4254,0
4255,0
4256,0
4257,0
4258,1
4259,1
4260,0
4261,1
4262,0
4263,0
4264,1
4265,0
4266,0
4267,0
4268,1
4269,0
4270,0
4271,0
4272,1
4273,0
4274,0
4275,0
4276,0
4277,1
4278,0
4279,1
4280,0
4281,1
4282,1
4283,0
4284,0
4285,1
4286,0
4287,0
4288,0
4289,0
4290,0
4291,1
4292,0
4293,0
4294,0
4295,0
4296,0
4297,1
4298,0
4299,0
4300,1
4301,0
4302,0
4303,1
4304,0
4305,0
4306,0
4307,0
4308,0
4309,1
4310,0
4311,1
4312,0
4313,0
4314,0
4315,1
4316,0
4317,1
4318,0
4319,0
4320,0
4321,0
4322,0
4323,1
4324,0
4325,0
4326,0
4327,0
4328,1
4329,0
4330,1
4331,1
4332,1
4333,0
4334,0
4335,1
4336,0
4337,0
4338,1
4339,1
4340,0
4341,0
4342,1
4343,0
4344,0
4345,0
4346,0
4347,1
4348,1
4349,0
4350,0
4351,0
4352,0
4353,0
4354,0
4355,1
4356,0
4357,0
4358,0
4359,1
4360,0
4361,0
4362,0
4363,0
4364,0
4365,0
4366,0
4367,1
4368,0
4369,0
4370,0
4371,1
4372,0
4373,0
4374,0
4375,0
4376,0
4377,0
4378,0
4379,1
4380,0
4381,0
4382,0
4383,0
4384,0
4385,0
4386,1
4387,1
4388,1
4389,0
4390,0
4391,0
4392,1
4393,1
4394,1
4395,1
4396,0
4397,0
4398,1
4399,0
4400,0
4401,0
4402,0
4403,0
4404,0
4405,0
4406,0
4407,1
4408,1
4409,1
4410,0
4411,1
4412,0
4413,1
4414,0
4415,0
4416,0
4417,0
4418,1
4419,0
4420,1
4421,0
4422,0
4423,0
4424,1
4425,1
4426,0
4427,0
4428,0
4429,0
4430,0
4431,1
4432,1
4433,0
4434,1
4435,0
4436,0
4437,0
4438,0
4439,1
4440,1
4441,0
4442,0
4443,1
4444,0
4445,0
4446,0
4447,1
4448,1
4449,0
4450,0
4451,1
4452,0
4453,0
4454,0
4455,0
4456,0
4457,0
4458,0
4459,1
4460,0
4461,0
4462,1
4463,1
4464,1
4465,0
4466,0
4467,0
4468,0
4469,0
4470,1
4471,1
4472,0
4473,0
4474,0
4475,0
4476,0
4477,0
4478,1
4479,0
4480,0
4481,0
4482,1
4483,1
4484,0
4485,1
4486,0
4487,0
4488,0
4489,1
4490,1
4491,1
4492,0
4493,1
4494,0
4495,1
4496,0
4497,0
4498,1
4499,0
4500,0
4501,1
4502,0
4503,1
4504,1
4505,0
4506,1
4507,1
4508,0
4509,0
4510,0
4511,0
4512,0
4513,0
4514,1
4515,1
4516,0
4517,0
4518,0
4519,0
4520,0
4521,0
4522,0
4523,1
4524,0
4525,1
4526,0
4527,0
4528,0
4529,0
4530,0
4531,0
4532,0
4533,1
4534,0
4535,0
4536,0
4537,1
4538,1
4539,0
4540,0
4541,1
4542,0
4543,0
4544,0
4545,0
4546,0
4547,0
4548,0
4549,1
4550,0
4551,1
4552,1
4553,0
4554,0
4555,0
4556,0
4557,0
4558,1
4559,0
4560,1
4561,1
4562,0
4563,0
4564,1
4565,0
4566,0
4567,1
4568,1
4569,1
4570,1
4571,0
4572,0
4573,0
4574,1
4575,1
4576,0
4577,0
4578,1
4579,0
4580,0
4581,0
4582,1
4583,1
4584,0
4585,0
4586,1
4587,0
4588,1
4589,1
4590,0
4591,0
4592,0
4593,0
4594,0
4595,1
4596,1
4597,1
4598,0
4599,0
4600,0
4601,0
4602,1
4603,0
4604,0
4605,1
4606,1
4607,1
4608,0
4609,0
4610,1
4611,1
4612,0
4613,0
4614,1
4615,0
4616,0
4617,0
4618,1
4619,1
4620,1
4621,0
4622,1
4623,0
4624,0
4625,0
4626,0
4627,1
4628,0
4629,1
4630,0
4631,0
4632,1
4633,0
4634,1
4635,0
4636,0
4637,0
4638,0
4639,0
4640,0
4641,1
4642,0
4643,0
4644,1
4645,0
4646,1
4647,0
4648,1
4649,0
4650,0
4651,0
4652,0
4653,0
4654,0
4655,0
4656,0
4657,1
4658,0
4659,0
4660,1
4661,0
4662,0
4663,1
4664,1
4665,0
4666,1
4667,1
4668,1
4669,0
4670,0
4671,0
4672,0
4673,0
4674,1
4675,0
4676,1
4677,1
4678,0
4679,1
4680,0
4681,1
4682,0
4683,0
4684,1
4685,0
4686,0
4687,0
4688,0
4689,1
4690,0
4691,0
4692,1
4693,0
4694,0
4695,1
4696,1
4697,1
4698,1
4699,0
4700,1
4701,0
4702,0
4703,1
4704,1
4705,0
4706,0
4707,1
4708,0
4709,0
4710,1
4711,0
4712,0
4713,0
4714,0
4715,0
4716,0
4717,0
4718,1
4719,1
4720,1
4721,1
4722,0
4723,0
4724,0
4725,0
4726,0
4727,0
4728,0
4729,0
4730,0
4731,0
4732,1
4733,0
4734,0
4735,0
4736,1
4737,1
4738,0
4739,0
4740,0
4741,1
4742,0
4743,0
4744,0
4745,0
4746,1
4747,1
4748,0
4749,1
4750,1
4751,0
4752,0
4753,0
4754,0
4755,0
4756,0
4757,0
4758,0
4759,0
4760,1
4761,1
4762,0
4763,1
4764,0
4765,0
4766,0
4767,0
4768,0
4769,0
4770,0
4771,0
4772,0
4773,0
4774,0
4775,1
4776,0
4777,0
4778,0
4779,0
4780,1
4781,0
4782,1
4783,0
4784,0
4785,0
4786,0
4787,1
4788,0
4789,0
4790,0
4791,0
4792,1
4793,0
4794,0
4795,0
4796,0
4797,1
4798,0
4799,1
4800,1
4801,0
4802,1
4803,0
4804,0
4805,1
4806,1
4807,0
4808,0
4809,0
4810,0
4811,0
4812,0
4813,0
4814,1
4815,1
4816,0
4817,0
4818,0
4819,0
4820,1
4821,0
4822,0
4823,0
4824,1
4825,1
4826,0
4827,1
4828,0
4829,0
4830,0
4831,1
4832,1
4833,0
4834,0
4835,1
4836,0
4837,1
4838,1
4839,0
4840,1
4841,1
4842,1
4843,1
4844,0
4845,1
4846,1
4847,0
4848,0
4849,0
4850,1
4851,0
4852,1
4853,0
4854,1
4855,0
4856,0
4857,1
4858,0
4859,0
4860,0
4861,0
4862,1
4863,1
4864,1
4865,0
4866,1
4867,0
4868,1
4869,1
4870,0
4871,0
4872,0
4873,0
4874,0
4875,0
4876,1
4877,1
4878,1
4879,1
4880,0
4881,1
4882,0
4883,0
4884,0
4885,0
4886,1
4887,0
4888,1
4889,1
4890,1
4891,1
4892,0
4893,1
4894,0
4895,0
4896,0
4897,1
4898,0
4899,1
4900,1
4901,0
4902,1
4903,1
4904,1
4905,0
4906,1
4907,0
4908,1
4909,0
4910,0
4911,0
4912,0
4913,0
4914,1
4915,0
4916,0
4917,0
4918,0
4919,0
4920,0
4921,0
4922,1
4923,0
4924,0
4925,1
4926,1
4927,1
4928,0
4929,1
4930,0
4931,0
4932,1
4933,0
4934,1
4935,0
4936,0
4937,1
4938,1
4939,0
4940,1
4941,0
4942,0
4943,0
4944,0
4945,1
4946,0
4947,0
4948,1
4949,0
4950,0
4951,0
4952,0
4953,0
4954,0
4955,1
4956,1
4957,0
4958,0
4959,0
4960,0
4961,0
4962,1
4963,0
4964,1
4965,0
4966,1
4967,0
4968,0
4969,0
4970,1
4971,0
4972,0
4973,1
4974,1
4975,0
4976,0
4977,0
4978,0
4979,0
4980,1
4981,0
4982,1
4983,0
4984,1
4985,1
4986,1
4987,1
4988,0
4989,0
4990,1
4991,0
4992,1
4993,0
4994,0
4995,1
4996,0
4997,0
4998,1
4999,0
5000,1
5001,0
5002,1
5003,1
5004,1
5005,0
5006,0
5007,1
5008,0
5009,1
5010,0
5011,1
5012,0
5013,0
5014,1
5015,1
5016,0
5017,0
5018,0
5019,0
5020,0
5021,1
5022,0
5023,0
5024,0
5025,1
5026,0
5027,0
5028,0
5029,0
5030,0
5031,1
5032,1
5033,0
5034,0
5035,1
5036,0
5037,0
5038,0
5039,0
5040,1
5041,0
5042,1
5043,0
5044,0
5045,0
5046,1
5047,0
5048,0
5049,1
5050,0
5051,1
5052,1
5053,1
5054,1
5055,1
5056,0
5057,0
5058,0
5059,0
5060,1
5061,0
5062,1
5063,1
5064,0
5065,0
5066,0
5067,1
5068,0
5069,0
5070,1
5071,0
5072,1
5073,0
5074,1
5075,0
5076,0
5077,0
5078,1
5079,0
5080,0
5081,1
5082,1
5083,0
5084,1
5085,1
5086,1
5087,1
5088,0
5089,0
5090,1
5091,0
5092,1
5093,1
5094,0
5095,0
5096,1
5097,0
5098,0
5099,0
5100,0
5101,0
5102,0
5103,1
5104,1
5105,0
5106,1
5107,0
5108,1
5109,0
5110,0
5111,0
5112,1
5113,0
5114,0
5115,0
5116,0
5117,1
5118,0
5119,0
5120,0
5121,1
5122,0
5123,0
5124,1
5125,0
5126,1
5127,0
5128,0
5129,0
5130,0
5131,0
5132,0
5133,1
5134,1
5135,0
5136,0
5137,0
5138,0
5139,0
5140,0
5141,1
5142,1
5143,0
5144,0
5145,0
5146,0
5147,0
5148,1
5149,0
5150,1
5151,0
5152,1
5153,1
5154,1
5155,0
5156,1
5157,0
5158,0
5159,0
5160,1
5161,0
5162,0
5163,0
5164,1
5165,1
5166,1
5167,0
5168,1
5169,0
5170,0
5171,0
5172,1
5173,0
5174,0
5175,1
5176,0
5177,0
5178,1
5179,0
5180,0
5181,0
5182,0
5183,0
5184,1
5185,0
5186,0
5187,1
5188,0
5189,0
5190,0
5191,0
5192,0
5193,0
5194,0
5195,0
5196,1
5197,0
5198,0
5199,0
5200,0
5201,1
5202,0
5203,1
5204,0
5205,0
5206,0
5207,1
5208,0
5209,0
5210,1
5211,1
5212,0
5213,0
5214,0
5215,0
5216,1
5217,0
5218,0
5219,0
5220,0
5221,1
5222,0
5223,0
5224,1
5225,0
5226,0
5227,0
5228,1
5229,0
5230,1
5231,0
5232,0
5233,0
5234,0
5235,0
5236,0
5237,0
5238,0
5239,1
5240,1
5241,0
5242,0
5243,1
5244,1
5245,0
5246,0
5247,1
5248,0
5249,1
5250,0
5251,0
5252,0
5253,1
5254,1
5255,0
5256,0
5257,1
5258,0
5259,1
5260,0
5261,0
5262,0
5263,0
5264,0
5265,0
5266,1
5267,1
5268,1
5269,0
5270,0
5271,1
5272,0
5273,1
5274,0
5275,0
5276,0
5277,0
5278,1
5279,0
5280,0
5281,0
5282,1
5283,1
5284,0
5285,0
5286,1
5287,0
5288,0
5289,0
5290,0
5291,0
5292,0
5293,1
5294,1
5295,0
5296,1
5297,0
5298,1
5299,0
5300,1
5301,1
5302,0
5303,0
5304,1
5305,0
5306,0
5307,0
5308,0
5309,0
5310,1
5311,0
5312,0
5313,1
5314,0
5315,0
5316,0
5317,1
5318,0
5319,1
5320,1
5321,0
5322,1
5323,0
5324,1
5325,1
5326,0
5327,0
5328,0
5329,0
5330,0
5331,0
5332,0
5333,1
5334,0
5335,1
5336,0
5337,0
5338,1
5339,1
5340,0
5341,1
5342,1
5343,0
5344,0
5345,1
5346,0
5347,1
5348,0
5349,0
5350,1
5351,0
5352,0
5353,0
5354,0
5355,0
5356,1
5357,0
5358,1
5359,0
5360,0
5361,0
5362,0
5363,0
5364,0
5365,1
5366,0
5367,1
5368,1
5369,0
5370,0
5371,0
5372,0
5373,0
5374,1
5375,0
5376,0
5377,0
5378,1
5379,1
5380,0
5381,0
5382,0
5383,0
5384,1
5385,1
5386,0
5387,0
5388,1
5389,1
5390,1
5391,0
5392,1
5393,0
5394,0
5395,1
5396,1
5397,1
5398,0
5399,1
5400,0
5401,1
5402,0
5403,1
5404,0
5405,1
5406,1
5407,0
5408,0
5409,1
5410,1
5411,0
5412,0
5413,0
5414,0
5415,0
5416,0
5417,1
5418,1
5419,1
5420,1
5421,1
5422,0
5423,0
5424,0
5425,0
5426,0
5427,0
5428,1
5429,0
5430,0
5431,0
5432,0
5433,0
5434,0
5435,0
5436,0
5437,1
5438,0
5439,1
5440,1
5441,0
5442,1
5443,0
5444,1
5445,0
5446,0
5447,0
5448,0
5449,0
5450,0
5451,0
5452,0
5453,1
5454,0
5455,0
5456,1
5457,1
5458,1
5459,1
5460,0
5461,1
5462,1
5463,0
5464,0
5465,1
5466,1
5467,0
5468,0
5469,0
5470,0
5471,1
5472,1
5473,1
5474,1
5475,0
5476,1
5477,0
5478,0
5479,0
5480,1
5481,0
5482,0
5483,0
5484,1
5485,1
5486,0
5487,0
5488,0
5489,0
5490,0
5491,0
5492,1
5493,0
5494,0
5495,0
5496,0
5497,0
5498,0
5499,1
5500,0
5501,0
5502,1
5503,1
5504,0
5505,1
5506,1
5507,0
5508,0
5509,0
5510,1
5511,0
5512,0
5513,0
5514,0
5515,0
5516,1
5517,0
5518,1
5519,0
5520,0
5521,0
5522,0
5523,0
5524,1
5525,1
5526,0
5527,0
5528,0
5529,0
5530,1
5531,1
5532,1
5533,1
5534,0
5535,1
5536,1
5537,0
5538,1
5539,1
5540,1
5541,1
5542,0
5543,1
5544,0
5545,0
5546,0
5547,1
5548,1
5549,1
5550,0
5551,0
5552,0
5553,0
5554,0
5555,1
5556,1
5557,1
5558,1
5559,1
5560,1
5561,1
5562,0
5563,1
5564,1
5565,0
5566,0
5567,0
5568,1
5569,1
5570,0
5571,0
5572,0
5573,0
5574,0
5575,0
5576,0
5577,0
5578,1
5579,0
5580,1
5581,0
5582,1
5583,0
5584,0
5585,1
5586,0
5587,0
5588,0
5589,0
5590,0
5591,0
5592,0
5593,0
5594,1
5595,0
5596,0
5597,1
5598,1
5599,0
5600,0
5601,0
5602,1
5603,1
5604,0
5605,1
5606,0
5607,1
5608,0
5609,0
5610,0
5611,0
5612,0
5613,0
5614,0
5615,1
5616,0
5617,0
5618,0
5619,0
5620,1
5621,0
5622,0
5623,1
5624,1
5625,0
5626,1
5627,1
5628,0
5629,0
5630,0
5631,1
5632,1
5633,0
5634,0
5635,1
5636,0
5637,0
5638,0
5639,0
5640,0
5641,0
5642,1
5643,1
5644,1
5645,0
5646,0
5647,0
5648,0
5649,1
5650,0
5651,0
5652,0
5653,1
5654,1
5655,0
5656,1
5657,1
5658,0
5659,1
5660,1
5661,0
5662,1
5663,0
5664,1
5665,0
5666,1
5667,0
5668,1
5669,1
5670,0
5671,1
5672,1
5673,1
5674,0
5675,0
5676,0
5677,1
5678,0
5679,0
5680,0
5681,0
5682,0
5683,0
5684,0
5685,1
5686,0
5687,0
5688,0
5689,1
5690,0
5691,1
5692,1
5693,1
5694,1
5695,0
5696,1
5697,0
5698,0
5699,0
5700,0
5701,1
5702,0
5703,0
5704,0
5705,1
5706,0
5707,0
5708,1
5709,1
5710,0
5711,0
5712,1
5713,0
5714,1
5715,0
5716,1
5717,0
5718,0
5719,0
5720,0
5721,1
5722,0
5723,0
5724,0
5725,0
5726,1
5727,0
5728,0
5729,1
5730,1
5731,1
5732,1
5733,0
5734,0
5735,1
5736,1
5737,1
5738,1
5739,0
5740,0
5741,0
5742,1
5743,1
5744,0
5745,0
5746,0
5747,0
5748,0
5749,0
5750,1
5751,0
5752,0
5753,0
5754,0
5755,0
5756,0
5757,0
5758,1
5759,1
5760,0
5761,1
5762,0
5763,0
5764,1
5765,1
5766,0
5767,0
5768,1
5769,1
5770,1
5771,1
5772,1
5773,1
5774,0
5775,0
5776,1
5777,0
5778,1
5779,0
5780,0
5781,0
5782,0
5783,0
5784,0
5785,1
5786,1
5787,1
5788,0
5789,0
5790,0
5791,0
5792,1
5793,0
5794,0
5795,0
5796,1
5797,1
5798,1
5799,0
5800,1
5801,0
5802,1
5803,0
5804,0
5805,1
5806,1
5807,0
5808,0
5809,0
5810,0
5811,0
5812,0
5813,0
5814,0
5815,1
5816,0
5817,0
5818,1
5819,1
5820,0
5821,0
5822,1
5823,0
5824,1
5825,1
5826,0
5827,0
5828,0
5829,0
5830,1
5831,1
5832,0
5833,0
5834,0
5835,1
5836,0
5837,1
5838,1
5839,1
5840,0
5841,0
5842,0
5843,0
5844,0
5845,0
5846,0
5847,1
5848,1
5849,1
5850,1
5851,0
5852,0
5853,1
5854,0
5855,1
5856,0
5857,0
5858,0
5859,0
5860,0
5861,0
5862,0
5863,0
5864,1
5865,1
5866,1
5867,1
5868,0
5869,0
5870,1
5871,1
5872,0
5873,1
5874,1
5875,0
5876,1
5877,1
5878,0
5879,1
5880,1
5881,1
5882,0
5883,1
5884,0
5885,0
5886,1
5887,0
5888,0
5889,0
5890,1
5891,1
5892,1
5893,0
5894,0
5895,1
5896,0
5897,1
5898,0
5899,1
5900,0
5901,0
5902,1
5903,0
5904,0
5905,0
5906,0
5907,0
5908,0
5909,0
5910,0
5911,0
5912,0
5913,1
5914,0
5915,1
5916,0
5917,1
5918,1
5919,0
5920,1
5921,0
5922,0
5923,0
5924,0
5925,0
5926,0
5927,0
5928,0
5929,0
5930,0
5931,0
5932,0
5933,0
5934,0
5935,0
5936,0
5937,1
5938,0
5939,0
5940,0
5941,1
5942,1
5943,0
5944,1
5945,0
5946,0
5947,0
5948,1
5949,0
5950,0
5951,0
5952,0
5953,0
5954,1
5955,1
5956,1
5957,0
5958,0
5959,0
5960,1
5961,0
5962,0
5963,0
5964,1
5965,0
5966,1
5967,0
5968,1
5969,1
5970,0
5971,0
5972,0
5973,1
5974,1
5975,1
5976,0
5977,1
5978,1
5979,0
5980,0
5981,1
5982,1
5983,0
5984,1
5985,0
5986,0
5987,0
5988,1
5989,1
5990,0
5991,1
5992,0
5993,0
5994,0
5995,0
5996,0
5997,0
5998,1
5999,0
6000,0
6001,1
6002,0
6003,1
6004,0
6005,0
6006,0
6007,1
6008,1
6009,0
6010,0
6011,0
6012,1
6013,1
6014,0
6015,1
6016,1
6017,0
6018,1
6019,1
6020,1
6021,1
6022,0
6023,0
6024,0
6025,1
6026,0
6027,1
6028,0
6029,1
6030,1
6031,0
6032,0
6033,0
6034,0
6035,0
6036,0
6037,0
6038,0
6039,0
6040,0
6041,1
6042,0
6043,0
6044,0
6045,0
6046,0
6047,1
6048,1
6049,0
6050,0
6051,0
6052,0
6053,1
6054,1
6055,0
6056,1
6057,1
6058,0
6059,0
6060,0
6061,0
6062,1
6063,0
6064,0
6065,0
6066,1
6067,0
6068,0
6069,1
6070,0
6071,1
6072,1
6073,0
6074,0
6075,0
6076,0
6077,0
6078,0
6079,0
6080,1
6081,1
6082,0
6083,1
6084,1
6085,0
6086,1
6087,1
6088,1
6089,1
6090,0
6091,0
6092,1
6093,0
6094,0
6095,1
6096,0
6097,0
6098,0
6099,1
6100,0
6101,1
6102,1
6103,0
6104,1
6105,1
6106,0
6107,1
6108,1
6109,0
6110,0
6111,0
6112,0
6113,0
6114,1
6115,1
6116,0
6117,0
6118,1
6119,1
6120,1
6121,1
6122,1
6123,1
6124,0
6125,1
6126,0
6127,1
6128,0
6129,0
6130,0
6131,0
6132,0
6133,1
6134,0
6135,1
6136,0
6137,0
6138,0
6139,0
6140,0
6141,0
6142,1
6143,0
6144,0
6145,0
6146,0
6147,0
6148,1
6149,1
6150,0
6151,0
6152,0
6153,0
6154,0
6155,0
6156,0
6157,1
6158,0
6159,0
6160,1
6161,0
6162,1
6163,0
6164,1
6165,1
6166,0
6167,0
6168,0
6169,1
6170,0
6171,0
6172,0
6173,0
6174,0
6175,1
6176,0
6177,0
6178,0
6179,0
6180,0
6181,0
6182,0
6183,1
6184,1
6185,0
6186,1
6187,0
6188,0
6189,0
6190,0
6191,0
6192,1
6193,1
6194,0
6195,0
6196,0
6197,1
6198,1
6199,0
6200,0
6201,0
6202,1
6203,1
6204,0
6205,0
6206,1
6207,1
6208,0
6209,1
6210,0
6211,0
6212,1
6213,0
6214,0
6215,0
6216,0
6217,1
6218,1
6219,0
6220,0
6221,0
6222,0
6223,0
6224,0
6225,1
6226,0
6227,0
6228,0
6229,1
6230,1
6231,1
6232,0
6233,0
6234,1
6235,0
6236,1
6237,1
6238,0
6239,0
6240,0
6241,0
6242,0
6243,1
6244,0
6245,1
6246,0
6247,0
6248,0
6249,0
6250,0
6251,0
6252,0
6253,1
6254,1
6255,0
6256,0
6257,0
6258,1
6259,0
6260,0
6261,1
6262,1
6263,1
6264,0
6265,0
6266,0
6267,0
6268,0
6269,0
6270,0
6271,0
6272,1
6273,1
6274,0
6275,1
6276,0
6277,0
6278,0
6279,0
6280,0
6281,1
6282,1
6283,0
6284,1
6285,1
6286,0
6287,0
6288,1
6289,0
6290,1
6291,1
6292,0
6293,1
6294,0
6295,0
6296,1
6297,1
6298,0
6299,1
6300,1
6301,0
6302,0
6303,0
6304,0
6305,1
6306,0
6307,0
6308,1
6309,0
6310,0
6311,0
6312,0
6313,1
6314,1
6315,0
6316,0
6317,0
6318,0
6319,1
6320,0
6321,0
6322,0
6323,1
6324,0
6325,1
6326,0
6327,0
6328,0
6329,0
6330,0
6331,0
6332,1
6333,0
6334,0
6335,1
6336,0
6337,0
6338,0
6339,0
6340,1
6341,0
6342,0
6343,0
6344,0
6345,0
6346,0
6347,0
6348,1
6349,1
6350,1
6351,0
6352,1
6353,0
6354,0
6355,0
6356,1
6357,0
6358,0
6359,0
6360,0
6361,1
6362,1
6363,0
6364,0
6365,0
6366,0
6367,1
6368,0
6369,0
6370,0
6371,1
6372,0
6373,0
6374,1
6375,0
6376,0
6377,0
6378,1
6379,0
6380,0
6381,0
6382,1
6383,0
6384,1
6385,0
6386,1
6387,1
6388,0
6389,0
6390,1
6391,0
6392,1
6393,1
6394,1
6395,0
6396,0
6397,1
6398,0
6399,1
6400,0
6401,0
6402,1
6403,1
6404,1
6405,0
6406,0
6407,0
6408,0
6409,0
6410,0
6411,1
6412,0
6413,0
6414,0
6415,1
6416,1
6417,0
6418,0
6419,0
6420,0
6421,0
6422,1
6423,1
6424,0
6425,1
6426,0
6427,1
6428,1
6429,0
6430,1
6431,0
6432,0
6433,0
6434,0
6435,0
6436,0
6437,0
6438,0
6439,0
6440,0
6441,0
6442,0
6443,0
6444,1
6445,0
6446,1
6447,0
6448,0
6449,0
6450,0
6451,1
6452,0
6453,1
6454,0
6455,1
6456,0
6457,0
6458,1
6459,0
6460,0
6461,0
6462,0
6463,0
6464,1
6465,1
6466,0
6467,0
6468,1
6469,0
6470,1
6471,0
6472,0
6473,0
6474,1
6475,1
6476,0
6477,1
6478,0
6479,0
6480,1
6481,0
6482,0
6483,0
6484,0
6485,1
6486,0
6487,1
6488,1
6489,0
6490,1
6491,1
6492,0
6493,0
6494,1
6495,0
6496,0
6497,0
6498,0
6499,1
6500,1
6501,0
6502,0
6503,1
6504,0
6505,0
6506,0
6507,1
6508,0
6509,0
6510,0
6511,1
6512,1
6513,0
6514,0
6515,0
6516,0
6517,1
6518,0
6519,1
6520,0
6521,1
6522,0
6523,0
6524,0
6525,0
6526,0
6527,1
6528,1
6529,0
6530,0
6531,0
6532,0
6533,1
6534,1
6535,0
6536,0
6537,0
6538,0
6539,0
6540,0
6541,0
6542,0
6543,0
6544,0
6545,0
6546,0
6547,0
6548,0
6549,1
6550,0
6551,1
6552,0
6553,0
6554,0
6555,0
6556,0
6557,0
6558,0
6559,1
6560,0
6561,1
6562,0
6563,0
6564,0
6565,1
6566,0
6567,1
6568,1
6569,0
6570,0
6571,0
6572,0
6573,1
6574,1
6575,1
6576,1
6577,0
6578,1
6579,1
6580,1
6581,1
6582,1
6583,0
6584,0
6585,0
6586,1
6587,1
6588,1
6589,0
6590,0
6591,0
6592,0
6593,0
6594,0
6595,1
6596,1
6597,1
6598,1
6599,0
6600,1
6601,0
6602,1
6603,1
6604,0
6605,1
6606,1
6607,0
6608,0
6609,1
6610,1
6611,0
6612,1
6613,1
6614,0
6615,1
6616,0
6617,0
6618,0
6619,1
6620,1
6621,0
6622,1
6623,0
6624,0
6625,1
6626,1
6627,0
6628,0
6629,0
6630,0
6631,0
6632,0
6633,1
6634,0
6635,0
6636,1
6637,1
6638,0
6639,0
6640,0
6641,0
6642,0
6643,1
6644,0
6645,0
6646,1
6647,0
6648,1
6649,0
6650,1
6651,0
6652,0
6653,0
6654,1
6655,0
6656,0
6657,0
6658,0
6659,0
6660,1
6661,0
6662,1
6663,0
6664,0
6665,0
6666,1
6667,1
6668,1
6669,0
6670,0
6671,0
6672,0
6673,0
6674,0
6675,0
6676,1
6677,1
6678,0
6679,0
6680,0
6681,0
6682,1
6683,0
6684,1
6685,0
6686,0
6687,0
6688,1
6689,1
6690,0
6691,1
6692,0
6693,0
6694,0
6695,0
6696,1
6697,0
6698,0
6699,0
6700,0
6701,0
6702,0
6703,0
6704,0
6705,1
6706,0
6707,0
6708,0
6709,0
6710,0
6711,0
6712,1
6713,0
6714,0
6715,0
6716,1
6717,1
6718,0
6719,0
6720,0
6721,1
6722,1
6723,0
6724,1
6725,0
6726,0
6727,0
6728,1
6729,1
6730,0
6731,0
6732,1
6733,1
6734,1
6735,0
6736,0
6737,0
6738,0
6739,0
6740,0
6741,0
6742,0
6743,1
6744,1
6745,0
6746,0
6747,0
6748,1
6749,1
6750,0
6751,0
6752,1
6753,0
6754,1
6755,0
6756,0
6757,0
6758,1
6759,0
6760,0
6761,1
6762,1
6763,0
6764,0
6765,0
6766,0
6767,1
6768,0
6769,0
6770,0
6771,1
6772,0
6773,0
6774,0
6775,1
6776,0
6777,0
6778,1
6779,1
6780,0
6781,0
6782,1
6783,0
6784,0
6785,0
6786,1
6787,1
6788,1
6789,1
6790,0
6791,0
6792,0
6793,0
6794,0
6795,0
6796,0
6797,0
6798,0
6799,1
6800,0
6801,1
6802,0
6803,0
6804,1
6805,1
6806,0
6807,1
6808,1
6809,1
6810,1
6811,0
6812,0
6813,0
6814,0
6815,0
6816,0
6817,0
6818,0
6819,0
6820,0
6821,1
6822,1
6823,0
6824,0
6825,1
6826,0
6827,0
6828,0
6829,1
6830,0
6831,0
6832,0
6833,1
6834,0
6835,0
6836,0
6837,0
6838,0
6839,0
6840,0
6841,0
6842,0
6843,1
6844,1
6845,0
6846,1
6847,0
6848,0
6849,0
6850,0
6851,1
6852,0
6853,0
6854,0
6855,0
6856,1
6857,1
6858,0
6859,0
6860,0
6861,1
6862,0
6863,1
6864,0
6865,1
6866,0
6867,1
6868,1
6869,1
6870,1
6871,0
6872,1
6873,1
6874,1
6875,1
6876,1
6877,0
6878,1
6879,1
6880,0
6881,0
6882,1
6883,0
6884,0
6885,1
6886,0
6887,1
6888,0
6889,0
6890,0
6891,0
6892,0
6893,0
6894,0
6895,0
6896,1
6897,0
6898,0
6899,0
6900,1
6901,0
6902,1
6903,0
6904,0
6905,0
6906,1
6907,1
6908,0
6909,0
6910,0
6911,0
6912,0
6913,0
6914,1
6915,0
6916,0
6917,1
6918,1
6919,1
6920,0
6921,1
6922,0
6923,1
6924,1
6925,0
6926,1
6927,0
6928,0
6929,0
6930,0
6931,0
6932,1
6933,1
6934,1
6935,0
6936,0
6937,1
6938,0
6939,0
6940,0
6941,0
6942,1
6943,1
6944,0
6945,0
6946,1
6947,0
6948,0
6949,0
6950,1
6951,0
6952,1
6953,0
6954,1
6955,0
6956,0
6957,0
6958,0
6959,0
6960,0
6961,0
6962,1
6963,0
6964,1
6965,0
6966,0
6967,0
6968,0
6969,0
6970,0
6971,0
6972,0
6973,0
6974,0
6975,1
6976,1
6977,0
6978,0
6979,0
6980,1
6981,0
6982,0
6983,0
6984,1
6985,0
6986,1
6987,0
6988,0
6989,0
6990,0
6991,0
6992,0
6993,0
6994,1
6995,0
6996,0
6997,0
6998,0
6999,0
7000,1
7001,0
7002,0
7003,1
7004,1
7005,0
7006,0
7007,1
7008,1
7009,0
7010,0
7011,1
7012,1
7013,0
7014,0
7015,1
7016,1
7017,0
7018,1
7019,1
7020,0
7021,0
7022,0
7023,1
7024,0
7025,0
7026,1
7027,1
7028,0
7029,1
7030,1
7031,0
7032,1
7033,0
7034,0
7035,1
7036,0
7037,0
7038,0
7039,1
7040,1
7041,0
7042,0
7043,1
7044,1
7045,0
7046,0
7047,1
7048,0
7049,0
7050,0
7051,1
7052,0
7053,0
7054,0
7055,1
7056,0
7057,0
7058,1
7059,1
7060,0
7061,0
7062,0
7063,0
7064,0
7065,0
7066,1
7067,0
7068,1
7069,0
7070,1
7071,1
7072,1
7073,1
7074,1
7075,1
7076,0
7077,0
7078,0
7079,0
7080,0
7081,1
7082,1
7083,0
7084,1
7085,0
7086,0
7087,0
7088,0
7089,1
7090,1
7091,0
7092,1
7093,1
7094,0
7095,1
7096,1
7097,0
7098,1
7099,0
7100,0
7101,1
7102,0
7103,0
7104,0
7105,0
7106,1
7107,1
7108,0
7109,0
7110,0
7111,0
7112,0
7113,0
7114,1
7115,0
7116,0
7117,0
7118,0
7119,1
7120,0
7121,1
7122,0
7123,0
7124,0
7125,1
7126,1
7127,0
7128,0
7129,0
7130,0
7131,0
7132,1
7133,1
7134,1
7135,1
7136,1
7137,0
7138,1
7139,1
7140,0
7141,0
7142,1
7143,0
7144,1
7145,1
7146,1
7147,0
7148,0
7149,1
7150,0
7151,0
7152,1
7153,0
7154,1
7155,1
7156,0
7157,1
7158,1
7159,1
7160,1
7161,0
7162,1
7163,0
7164,1
7165,1
7166,0
7167,0
7168,0
7169,0
7170,0
7171,1
7172,1
7173,1
7174,0
7175,0
7176,0
7177,1
7178,0
7179,0
7180,1
7181,0
7182,0
7183,1
7184,1
7185,0
7186,0
7187,1
7188,1
7189,0
7190,0
7191,0
7192,0
7193,0
7194,0
7195,0
7196,0
7197,1
7198,0
7199,1
7200,1
7201,0
7202,1
7203,1
7204,0
7205,1
7206,0
7207,0
7208,1
7209,0
7210,0
7211,0
7212,1
7213,0
7214,1
7215,1
7216,0
7217,1
7218,1
7219,0
7220,1
7221,0
7222,0
7223,0
7224,0
7225,1
7226,1
7227,0
7228,1
7229,1
7230,0
7231,1
7232,0
7233,0
7234,0
7235,1
7236,1
7237,0
7238,0
7239,1
7240,1
7241,0
7242,1
7243,1
7244,1
7245,0
7246,0
7247,0
7248,0
7249,0
7250,0
7251,0
7252,0
7253,1
7254,0
7255,1
7256,0
7257,1
7258,0
7259,0
7260,0
7261,0
7262,0
7263,1
7264,0
7265,0
7266,1
7267,1
7268,0
7269,0
7270,1
7271,0
7272,0
7273,0
7274,1
7275,1
7276,0
7277,1
7278,0
7279,0
7280,0
7281,0
7282,1
7283,0
7284,0
7285,1
7286,1
7287,0
7288,0
7289,0
7290,1
7291,0
7292,0
7293,0
7294,0
7295,0
7296,1
7297,0
7298,1
7299,0
7300,1
7301,0
7302,0
7303,0
7304,0
7305,0
7306,0
7307,0
7308,1
7309,0
7310,1
7311,0
7312,0
7313,1
7314,0
7315,1
7316,1
7317,0
7318,1
7319,1
7320,1
7321,1
7322,1
7323,1
7324,0
7325,1
7326,0
7327,0
7328,0
7329,0
7330,1
7331,1
7332,1
7333,0
7334,0
7335,1
7336,0
7337,0
7338,0
7339,1
7340,1
7341,0
7342,1
7343,1
7344,0
7345,1
7346,0
7347,1
7348,0
7349,0
7350,1
7351,0
7352,1
7353,0
7354,1
7355,1
7356,0
7357,0
7358,0
7359,0
7360,0
7361,0
7362,0
7363,0
7364,1
7365,0
7366,0
7367,0
7368,1
7369,0
7370,0
7371,1
7372,1
7373,0
7374,0
7375,1
7376,1
7377,0
7378,0
7379,1
7380,0
7381,1
7382,1
7383,1
7384,0
7385,0
7386,0
7387,0
7388,0
7389,0
7390,0
7391,0
7392,0
7393,0
7394,0
7395,1
7396,1
7397,0
7398,0
7399,1
7400,1
7401,0
7402,0
7403,1
7404,0
7405,0
7406,1
7407,1
7408,1
7409,0
7410,1
7411,1
7412,0
7413,0
7414,1
7415,1
7416,0
7417,1
7418,0
7419,0
7420,0
7421,0
7422,1
7423,0
7424,0
7425,1
7426,1
7427,0
7428,0
7429,0
7430,0
7431,0
7432,0
7433,0
7434,0
7435,1
7436,0
7437,0
7438,0
7439,0
7440,0
7441,0
7442,0
7443,0
7444,0
7445,1
7446,1
7447,1
7448,1
7449,0
7450,0
7451,1
7452,0
7453,0
7454,1
7455,0
7456,0
7457,0
7458,0
7459,1
7460,1
7461,0
7462,1
7463,0
7464,0
7465,1
7466,0
7467,0
7468,1
7469,1
7470,0
7471,0
7472,1
7473,0
7474,1
7475,1
7476,0
7477,0
7478,1
7479,0
7480,0
7481,0
7482,1
7483,1
7484,0
7485,1
7486,0
7487,1
7488,1
7489,0
7490,0
7491,1
7492,1
7493,0
7494,1
7495,1
7496,1
7497,0
7498,0
7499,0
7500,1
7501,0
7502,0
7503,1
7504,1
7505,0
7506,0
7507,0
7508,0
7509,1
7510,1
7511,0
7512,0
7513,1
7514,1
7515,1
7516,0
7517,0
7518,0
7519,0
7520,0
7521,0
7522,0
7523,0
7524,0
7525,0
7526,0
7527,1
7528,0
7529,0
7530,0
7531,0
7532,0
7533,0
7534,1
7535,1
7536,0
7537,0
7538,0
7539,1
7540,0
7541,1
7542,0
7543,1
7544,0
7545,1
7546,1
7547,0
7548,1
7549,1
7550,1
7551,0
7552,0
7553,1
7554,0
7555,1
7556,0
7557,1
7558,0
7559,1
7560,0
7561,0
7562,0
7563,1
7564,0
7565,0
7566,1
7567,0
7568,0
7569,0
7570,1
7571,0
7572,0
7573,1
7574,1
7575,0
7576,0
7577,0
7578,1
7579,0
7580,0
7581,1
7582,1
7583,0
7584,1
7585,1
7586,0
7587,1
7588,0
7589,1
7590,0
7591,1
7592,1
7593,1
7594,0
7595,0
7596,0
7597,1
7598,1
7599,0
7600,1
7601,0
7602,1
7603,1
7604,0
7605,0
7606,0
7607,1
7608,1
7609,1
7610,1
7611,0
7612,0
7613,0
7614,0
7615,1
7616,0
7617,1
7618,1
7619,0
7620,0
7621,1
7622,1
7623,1
7624,1
7625,0
7626,0
7627,0
7628,0
7629,0
7630,0
7631,1
7632,1
7633,1
7634,1
7635,0
7636,0
7637,1
7638,0
7639,1
7640,0
7641,0
7642,0
7643,1
7644,1
7645,1
7646,0
7647,1
7648,0
7649,1
7650,0
7651,0
7652,0
7653,0
7654,0
7655,1
7656,1
7657,0
7658,0
7659,0
7660,1
7661,0
7662,1
7663,1
7664,0
7665,1
7666,1
7667,0
7668,1
7669,0
7670,0
7671,0
7672,0
7673,0
7674,0
7675,1
7676,1
7677,1
7678,0
7679,1
7680,1
7681,1
7682,1
7683,1
7684,0
7685,0
7686,0
7687,1
7688,0
7689,0
7690,0
7691,1
7692,0
7693,0
7694,0
7695,0
7696,1
7697,0
7698,0
7699,0
7700,0
7701,0
7702,1
7703,0
7704,0
7705,0
7706,0
7707,1
7708,1
7709,1
7710,0
7711,0
7712,0
7713,0
7714,0
7715,1
7716,1
7717,0
7718,1
7719,0
7720,0
7721,0
7722,1
7723,0
7724,1
7725,0
7726,0
7727,1
7728,0
7729,0
7730,0
7731,1
7732,0
7733,0
7734,1
7735,0
7736,0
7737,1
7738,0
7739,0
7740,1
7741,1
7742,1
7743,1
7744,1
7745,0
7746,0
7747,0
7748,0
7749,0
7750,1
7751,0
7752,0
7753,0
7754,0
7755,0
7756,0
7757,0
7758,0
7759,0
7760,0
7761,0
7762,0
7763,0
7764,0
7765,0
7766,1
7767,1
7768,0
7769,0
7770,0
7771,0
7772,0
7773,1
7774,1
7775,0
7776,1
7777,0
7778,0
7779,0
7780,0
7781,0
7782,1
7783,0
7784,0
7785,0
7786,0
7787,0
7788,1
7789,1
7790,0
7791,1
7792,0
7793,1
7794,0
7795,0
7796,0
7797,1
7798,0
7799,1
7800,0
7801,0
7802,1
7803,0
7804,0
7805,0
7806,0
7807,0
7808,0
7809,1
7810,1
7811,0
7812,1
7813,1
7814,0
7815,1
7816,0
7817,1
7818,0
7819,1
7820,0
7821,0
7822,1
7823,0
7824,0
7825,1
7826,1
7827,0
7828,1
7829,0
7830,0
7831,0
7832,0
7833,1
7834,1
7835,1
7836,0
7837,0
7838,1
7839,0
7840,1
7841,1
7842,0
7843,1
7844,0
7845,0
7846,0
7847,0
7848,1
7849,1
7850,1
7851,0
7852,0
7853,0
7854,1
7855,1
7856,0
7857,0
7858,0
7859,0
7860,0
7861,1
7862,0
7863,1
7864,1
7865,0
7866,1
7867,0
7868,1
7869,0
7870,0
7871,1
7872,1
7873,1
7874,1
7875,0
7876,0
7877,0
7878,1
7879,0
7880,0
7881,0
7882,0
7883,1
7884,0
7885,1
7886,0
7887,1
7888,0
7889,0
7890,1
7891,0
7892,1
7893,0
7894,1
7895,0
7896,0
7897,1
7898,0
7899,1
7900,1
7901,0
7902,0
7903,1
7904,0
7905,0
7906,0
7907,0
7908,0
7909,1
7910,1
7911,1
7912,1
7913,0
7914,0
7915,0
7916,0
7917,0
7918,0
7919,0
7920,0
7921,1
7922,0
7923,1
7924,0
7925,1
7926,0
7927,0
7928,1
7929,0
7930,0
7931,1
7932,1
7933,1
7934,0
7935,1
7936,1
7937,0
7938,0
7939,0
7940,0
7941,0
7942,0
7943,0
7944,1
7945,0
7946,1
7947,1
7948,0
7949,0
7950,0
7951,1
7952,0
7953,0
7954,1
7955,0
7956,0
7957,1
7958,1
7959,0
7960,0
7961,0
7962,0
7963,1
7964,1
7965,0
7966,0
7967,0
7968,0
7969,0
7970,0
7971,0
7972,0
7973,0
7974,0
7975,0
7976,0
7977,1
7978,0
7979,0
7980,1
7981,1
7982,0
7983,0
7984,0
7985,1
7986,1
7987,0
7988,1
7989,0
7990,0
7991,0
7992,0
7993,0
7994,0
7995,1
7996,0
7997,1
7998,0
7999,1
8000,0
8001,0
8002,1
8003,0
8004,0
8005,0
8006,1
8007,1
8008,0
8009,1
8010,0
8011,0
8012,1
8013,0
8014,0
8015,1
8016,0
8017,1
8018,0
8019,0
8020,0
8021,1
8022,0
8023,0
8024,1
8025,0
8026,0
8027,0
8028,0
8029,0
8030,1
8031,0
8032,0
8033,0
8034,0
8035,1
8036,0
8037,0
8038,0
8039,0
8040,1
8041,0
8042,0
8043,0
8044,0
8045,0
8046,1
8047,0
8048,1
8049,1
8050,0
8051,1
8052,1
8053,1
8054,1
8055,0
8056,0
8057,0
8058,0
8059,1
8060,0
8061,1
8062,0
8063,0
8064,1
8065,1
8066,1
8067,0
8068,0
8069,0
8070,1
8071,1
8072,0
8073,0
8074,0
8075,1
8076,1
8077,0
8078,1
8079,1
8080,1
8081,1
8082,0
8083,0
8084,0
8085,1
8086,1
8087,0
8088,0
8089,1
8090,0
8091,1
8092,0
8093,1
8094,0
8095,0
8096,0
8097,1
8098,0
8099,1
8100,0
8101,0
8102,1
8103,1
8104,0
8105,0
8106,1
8107,0
8108,0
8109,1
8110,0
8111,0
8112,0
8113,0
8114,1
8115,0
8116,0
8117,1
8118,0
8119,1
8120,1
8121,1
8122,0
8123,1
8124,0
8125,0
8126,0
8127,0
8128,1
8129,1
8130,0
8131,0
8132,0
8133,1
8134,0
8135,0
8136,1
8137,0
8138,0
8139,0
8140,0
8141,1
8142,0
8143,0
8144,0
8145,1
8146,0
8147,1
8148,0
8149,0
8150,1
8151,0
8152,0
8153,1
8154,0
8155,1
8156,0
8157,1
8158,0
8159,0
8160,0
8161,0
8162,0
8163,0
8164,0
8165,1
8166,0
8167,0
8168,0
8169,0
8170,0
8171,1
8172,0
8173,0
8174,0
8175,0
8176,0
8177,0
8178,1
8179,1
8180,0
8181,0
8182,0
8183,0
8184,0
8185,1
8186,0
8187,1
8188,0
8189,0
8190,1
8191,0
8192,0
8193,0
8194,0
8195,0
8196,0
8197,1
8198,0
8199,1
8200,0
8201,0
8202,0
8203,0
8204,0
8205,0
8206,0
8207,1
8208,0
8209,0
8210,1
8211,1
8212,0
8213,1
8214,1
8215,1
8216,0
8217,0
8218,1
8219,0
8220,0
8221,0
8222,1
8223,1
8224,0
8225,0
8226,1
8227,1
8228,1
8229,1
8230,1
8231,0
8232,0
8233,0
8234,0
8235,0
8236,1
8237,0
8238,0
8239,0
8240,0
8241,0
8242,1
8243,1
8244,1
8245,1
8246,0
8247,1
8248,0
8249,0
8250,0
8251,0
8252,0
8253,1
8254,1
8255,1
8256,1
8257,0
8258,1
8259,1
8260,0
8261,1
8262,0
8263,0
8264,0
8265,0
8266,0
8267,1
8268,1
8269,1
8270,0
8271,0
8272,0
8273,1
8274,0
8275,1
8276,1
8277,1
8278,1
8279,0
8280,0
8281,1
8282,0
8283,0
8284,0
8285,0
8286,0
8287,1
8288,1
8289,1
8290,0
8291,0
8292,0
8293,0
8294,0
8295,0
8296,0
8297,0
8298,0
8299,0
8300,0
8301,1
8302,0
8303,0
8304,0
8305,0
8306,0
8307,1
8308,0
8309,0
8310,1
8311,1
8312,0
8313,0
8314,1
8315,1
8316,0
8317,1
8318,1
8319,0
8320,0
8321,0
8322,0
8323,0
8324,0
8325,0
8326,1
8327,0
8328,0
8329,0
8330,0
8331,0
8332,0
8333,0
8334,1
8335,0
8336,0
8337,1
8338,0
8339,1
8340,0
8341,0
8342,0
8343,1
8344,0
8345,0
8346,0
8347,0
8348,1
8349,0
8350,1
8351,0
8352,0
8353,0
8354,1
8355,1
8356,1
8357,0
8358,0
8359,1
8360,0
8361,0
8362,1
8363,0
8364,0
8365,1
8366,0
8367,0
8368,0
8369,0
8370,0
8371,0
8372,0
8373,1
8374,1
8375,0
8376,1
8377,1
8378,0
8379,0
8380,0
8381,0
8382,1
8383,0
8384,0
8385,0
8386,1
8387,0
8388,1
8389,0
8390,1
8391,0
8392,0
8393,0
8394,0
8395,0
8396,0
8397,0
8398,0
8399,0
8400,1
8401,0
8402,1
8403,1
8404,1
8405,0
8406,0
8407,1
8408,1
8409,1
8410,1
8411,0
8412,0
8413,0
8414,0
8415,0
8416,0
8417,1
8418,1
8419,0
8420,0
8421,0
8422,0
8423,1
8424,1
8425,0
8426,0
8427,0
8428,0
8429,1
8430,0
8431,0
8432,0
8433,1
8434,0
8435,0
8436,1
8437,1
8438,1
8439,0
8440,0
8441,0
8442,1
8443,1
8444,1
8445,0
8446,0
8447,0
8448,1
8449,0
8450,0
8451,0
8452,0
8453,1
8454,0
8455,1
8456,0
8457,0
8458,1
8459,0
8460,0
8461,0
8462,0
8463,0
8464,0
8465,0
8466,0
8467,1
8468,0
8469,0
8470,0
8471,0
8472,0
8473,1
8474,0
8475,0
8476,1
8477,0
8478,1
8479,1
8480,0
8481,0
8482,0
8483,0
8484,0
8485,0
8486,0
8487,0
8488,0
8489,1
8490,0
8491,0
8492,1
8493,1
8494,0
8495,0
8496,0
8497,0
8498,0
8499,1
8500,1
8501,0
8502,0
8503,1
8504,0
8505,0
8506,0
8507,1
8508,0
8509,0
8510,0
8511,0
8512,0
8513,0
8514,0
8515,0
8516,0
8517,0
8518,0
8519,0
8520,0
8521,0
8522,0
8523,0
8524,0
8525,1
8526,0
8527,1
8528,0
8529,1
8530,1
8531,1
8532,1
8533,0
8534,0
8535,1
8536,1
8537,0
8538,0
8539,0
8540,1
8541,1
8542,1
8543,0
8544,0
8545,0
8546,1
8547,0
8548,0
8549,1
8550,1
8551,0
8552,0
8553,1
8554,1
8555,0
8556,0
8557,1
8558,0
8559,0
8560,0
8561,1
8562,1
8563,0
8564,1
8565,1
8566,0
8567,0
8568,0
8569,1
8570,1
8571,0
8572,0
8573,0
8574,0
8575,0
8576,0
8577,0
8578,0
8579,0
8580,1
8581,0
8582,1
8583,0
8584,0
8585,0
8586,1
8587,1
8588,1
8589,0
8590,0
8591,0
8592,0
8593,0
8594,0
8595,1
8596,0
8597,1
8598,1
8599,1
8600,0
8601,1
8602,1
8603,0
8604,0
8605,1
8606,0
8607,1
8608,0
8609,0
8610,0
8611,0
8612,1
8613,0
8614,1
8615,0
8616,1
8617,0
8618,1
8619,0
8620,0
8621,0
8622,1
8623,0
8624,0
8625,0
8626,0
8627,0
8628,1
8629,1
8630,0
8631,0
8632,0
8633,1
8634,0
8635,1
8636,0
8637,0
8638,0
8639,1
8640,0
8641,1
8642,1
8643,1
8644,1
8645,1
8646,0
8647,0
8648,1
8649,0
8650,0
8651,0
8652,0
8653,0
8654,0
8655,0
8656,0
8657,0
8658,1
8659,0
8660,0
8661,1
8662,0
8663,1
8664,0
8665,0
8666,1
8667,0
8668,1
8669,0
8670,0
8671,0
8672,0
8673,1
8674,1
8675,1
8676,0
8677,0
8678,0
8679,0
8680,0
8681,0
8682,0
8683,0
8684,0
8685,1
8686,0
8687,0
8688,0
8689,1
8690,0
8691,0
8692,0
8693,0
8694,0
8695,0
8696,1
8697,0
8698,0
8699,0
8700,0
8701,1
8702,1
8703,0
8704,1
8705,1
8706,1
8707,0
8708,0
8709,0
8710,0
8711,1
8712,0
8713,1
8714,0
8715,1
8716,0
8717,0
8718,0
8719,0
8720,0
8721,0
8722,0
8723,1
8724,0
8725,1
8726,1
8727,0
8728,0
8729,0
8730,0
8731,0
8732,0
8733,1
8734,0
8735,0
8736,0
8737,1
8738,1
8739,0
8740,0
8741,0
8742,0
8743,1
8744,1
8745,0
8746,1
8747,1
8748,1
8749,1
8750,0
8751,0
8752,0
8753,1
8754,0
8755,1
8756,1
8757,1
8758,0
8759,0
8760,0
8761,0
8762,1
8763,0
8764,1
8765,0
8766,0
8767,1
8768,0
8769,0
8770,1
8771,1
8772,0
8773,0
8774,0
8775,0
8776,0
8777,0
8778,1
8779,0
8780,0
8781,0
8782,0
8783,1
8784,1
8785,0
8786,0
8787,0
8788,0
8789,0
8790,0
8791,0
8792,1
8793,1
8794,0
8795,0
8796,0
8797,1
8798,0
8799,0
8800,0
8801,0
8802,0
8803,0
8804,0
8805,0
8806,0
8807,0
8808,1
8809,0
8810,0
8811,0
8812,1
8813,0
8814,0
8815,0
8816,0
8817,1
8818,0
8819,0
8820,0
8821,0
8822,0
8823,0
8824,1
8825,0
8826,1
8827,0
8828,0
8829,0
8830,0
8831,0
8832,1
8833,0
8834,0
8835,0
8836,0
8837,1
8838,0
8839,1
8840,0
8841,0
8842,0
8843,0
8844,0
8845,0
8846,0
8847,0
8848,1
8849,0
8850,0
8851,0
8852,0
8853,0
8854,1
8855,0
8856,0
8857,1
8858,0
8859,1
8860,0
8861,0
8862,0
8863,1
8864,0
8865,0
8866,0
8867,0
8868,1
8869,0
8870,0
8871,1
8872,0
8873,1
8874,0
8875,0
8876,0
8877,0
8878,1
8879,1
8880,0
8881,1
8882,0
8883,0
8884,0
8885,0
8886,0
8887,1
8888,0
8889,0
8890,0
8891,0
8892,0
8893,0
8894,0
8895,0
8896,1
8897,0
8898,1
8899,1
8900,0
8901,0
8902,0
8903,0
8904,1
8905,0
8906,1
8907,0
8908,0
8909,0
8910,0
8911,1
8912,0
8913,1
8914,0
8915,0
8916,1
8917,0
8918,0
8919,1
8920,0
8921,1
8922,1
8923,0
8924,0
8925,0
8926,0
8927,1
8928,1
8929,1
8930,1
8931,0
8932,0
8933,0
8934,0
8935,0
8936,1
8937,1
8938,0
8939,1
8940,0
8941,0
8942,1
8943,1
8944,0
8945,0
8946,0
8947,0
8948,0
8949,1
8950,0
8951,1
8952,0
8953,1
8954,0
8955,0
8956,0
8957,0
8958,0
8959,0
8960,0
8961,1
8962,1
8963,0
8964,0
8965,0
8966,0
8967,1
8968,0
8969,1
8970,1
8971,0
8972,0
8973,0
8974,0
8975,0
8976,1
8977,0
8978,0
8979,0
8980,1
8981,0
8982,0
8983,1
8984,1
8985,0
8986,0
8987,0
8988,0
8989,0
8990,0
8991,0
8992,1
8993,0
8994,0
8995,1
8996,0
8997,1
8998,0
8999,1
9000,0
9001,0
9002,0
9003,1
9004,0
9005,0
9006,0
9007,0
9008,0
9009,0
9010,0
9011,1
9012,0
9013,0
9014,0
9015,0
9016,0
9017,0
9018,0
9019,0
9020,1
9021,0
9022,1
9023,0
9024,0
9025,0
9026,0
9027,0
9028,0
9029,1
9030,0
9031,1
9032,0
9033,0
9034,0
9035,0
9036,0
9037,0
9038,1
9039,1
9040,1
9041,0
9042,0
9043,0
9044,0
9045,0
9046,1
9047,0
9048,1
9049,0
9050,1
9051,0
9052,1
9053,0
9054,0
9055,0
9056,0
9057,1
9058,0
9059,1
9060,1
9061,0
9062,1
9063,0
9064,0
9065,0
9066,0
9067,0
9068,1
9069,0
9070,0
9071,1
9072,0
9073,0
9074,1
9075,0
9076,1
9077,1
9078,0
9079,1
9080,0
9081,0
9082,0
9083,1
9084,0
9085,1
9086,1
9087,1
9088,0
9089,0
9090,0
9091,1
9092,1
9093,1
9094,1
9095,1
9096,1
9097,0
9098,1
9099,1
9100,1
9101,0
9102,0
9103,0
9104,1
9105,0
9106,0
9107,0
9108,1
9109,0
9110,0
9111,0
9112,1
9113,0
9114,0
9115,0
9116,0
9117,1
9118,0
9119,1
9120,0
9121,1
9122,1
9123,1
9124,0
9125,0
9126,0
9127,0
9128,1
9129,0
9130,1
9131,0
9132,0
9133,0
9134,1
9135,0
9136,1
9137,0
9138,0
9139,1
9140,0
9141,0
9142,1
9143,0
9144,0
9145,1
9146,1
9147,1
9148,1
9149,1
9150,0
9151,1
9152,1
9153,1
9154,0
9155,0
9156,0
9157,0
9158,1
9159,0
9160,0
9161,0
9162,1
9163,0
9164,0
9165,0
9166,1
9167,0
9168,0
9169,0
9170,0
9171,0
9172,0
9173,0
9174,1
9175,1
9176,0
9177,0
9178,0
9179,1
9180,1
9181,1
9182,0
9183,1
9184,1
9185,1
9186,0
9187,1
9188,0
9189,1
9190,0
9191,1
9192,0
9193,0
9194,0
9195,1
9196,0
9197,0
9198,0
9199,1
9200,0
9201,0
9202,0
9203,0
9204,1
9205,0
9206,0
9207,1
9208,0
9209,1
9210,0
9211,0
9212,0
9213,1
9214,0
9215,0
9216,1
9217,0
9218,1
9219,1
9220,0
9221,0
9222,0
9223,1
9224,1
9225,0
9226,0
9227,0
9228,0
9229,1
9230,0
9231,0
9232,1
9233,0
9234,1
9235,1
9236,0
9237,1
9238,0
9239,1
9240,0
9241,0
9242,0
9243,1
9244,0
9245,0
9246,1
9247,0
9248,0
9249,0
9250,1
9251,0
9252,1
9253,0
9254,1
9255,1
9256,1
9257,0
9258,0
9259,1
9260,0
9261,0
9262,0
9263,1
9264,0
9265,1
9266,0
9267,1
9268,1
9269,0
9270,1
9271,1
9272,1
9273,0
9274,1
9275,1
9276,1
9277,0
9278,1
9279,0
9280,0
9281,1
9282,1
9283,0
9284,1
9285,1
9286,1
9287,0
9288,0
9289,0
9290,0
9291,0
9292,0
9293,1
9294,0
9295,0
9296,0
9297,0
9298,0
9299,0
9300,0
9301,1
9302,0
9303,0
9304,1
9305,0
9306,0
9307,0
9308,0
9309,0
9310,0
9311,0
9312,0
9313,0
9314,0
9315,1
9316,0
9317,0
9318,0
9319,1
9320,1
9321,1
9322,0
9323,0
9324,0
9325,0
9326,1
9327,0
9328,0
9329,1
9330,0
9331,0
9332,0
9333,0
9334,1
9335,0
9336,0
9337,1
9338,0
9339,0
9340,1
9341,0
9342,1
9343,1
9344,1
9345,1
9346,0
9347,1
9348,0
9349,1
9350,0
9351,1
9352,1
9353,0
9354,1
9355,0
9356,0
9357,0
9358,0
9359,0
9360,0
9361,0
9362,0
9363,0
9364,0
9365,0
9366,1
9367,0
9368,0
9369,1
9370,0
9371,1
9372,0
9373,1
9374,1
9375,0
9376,0
9377,1
9378,0
9379,1
9380,1
9381,0
9382,1
9383,0
9384,1
9385,0
9386,1
9387,1
9388,1
9389,1
9390,0
9391,1
9392,0
9393,0
9394,0
9395,0
9396,1
9397,0
9398,0
9399,0
9400,0
9401,1
9402,1
9403,0
9404,1
9405,1
9406,0
9407,1
9408,0
9409,0
9410,0
9411,1
9412,0
9413,0
9414,0
9415,0
9416,0
9417,0
9418,1
9419,1
9420,0
9421,0
9422,0
9423,0
9424,1
9425,0
9426,0
9427,0
9428,0
9429,0
9430,1
9431,0
9432,0
9433,1
9434,0
9435,0
9436,0
9437,1
9438,1
9439,1
9440,1
9441,0
9442,1
9443,0
9444,0
9445,0
9446,1
9447,1
9448,0
9449,1
9450,0
9451,0
9452,1
9453,0
9454,0
9455,0
9456,1
9457,0
9458,0
9459,0
9460,1
9461,0
9462,1
9463,0
9464,1
9465,0
9466,0
9467,1
9468,1
9469,1
9470,0
9471,0
9472,0
9473,1
9474,0
9475,0
9476,1
9477,0
9478,0
9479,1
9480,1
9481,0
9482,0
9483,0
9484,1
9485,1
9486,0
9487,0
9488,0
9489,0
9490,0
9491,0
9492,0
9493,0
9494,1
9495,0
9496,0
9497,0
9498,0
9499,0
9500,0
9501,1
9502,0
9503,0
9504,0
9505,0
9506,1
9507,0
9508,0
9509,0
9510,1
9511,0
9512,1
9513,1
9514,1
9515,0
9516,1
9517,0
9518,1
9519,1
9520,0
9521,0
9522,0
9523,1
9524,0
9525,1
9526,0
9527,0
9528,1
9529,0
9530,0
9531,0
9532,1
9533,0
9534,0
9535,0
9536,0
9537,0
9538,1
9539,0
9540,0
9541,1
9542,0
9543,0
9544,1
9545,1
9546,0
9547,1
9548,0
9549,0
9550,1
9551,0
9552,0
9553,1
9554,1
9555,0
9556,0
9557,0
9558,1
9559,1
9560,0
9561,0
9562,1
9563,0
9564,0
9565,0
9566,1
9567,1
9568,0
9569,0
9570,0
9571,0
9572,1
9573,1
9574,1
9575,0
9576,0
9577,1
9578,0
9579,0
9580,1
9581,0
9582,0
9583,0
9584,0
9585,1
9586,0
9587,0
9588,0
9589,0
9590,1
9591,0
9592,0
9593,0
9594,0
9595,0
9596,0
9597,0
9598,0
9599,0
9600,0
9601,0
9602,0
9603,1
9604,0
9605,1
9606,0
9607,1
9608,1
9609,0
9610,0
9611,0
9612,0
9613,0
9614,0
9615,0
9616,0
9617,1
9618,1
9619,0
9620,0
9621,1
9622,0
9623,1
9624,1
9625,0
9626,0
9627,0
9628,0
9629,0
9630,1
9631,0
9632,0
9633,0
9634,0
9635,1
9636,1
9637,0
9638,1
9639,1
9640,0
9641,1
9642,1
9643,0
9644,0
9645,0
9646,0
9647,1
9648,0
9649,1
9650,0
9651,0
9652,1
9653,0
9654,0
9655,1
9656,0
9657,0
9658,0
9659,1
9660,0
9661,0
9662,1
9663,1
9664,0
9665,0
9666,0
9667,0
9668,1
9669,1
9670,0
9671,1
9672,0
9673,1
9674,0
9675,0
9676,0
9677,0
9678,1
9679,0
9680,0
9681,1
9682,0
9683,1
9684,0
9685,1
9686,0
9687,0
9688,0
9689,1
9690,1
9691,1
9692,1
9693,1
9694,0
9695,0
9696,0
9697,0
9698,0
9699,1
9700,0
9701,1
9702,0
9703,0
9704,1
9705,0
9706,1
9707,1
9708,0
9709,0
9710,0
9711,0
9712,0
9713,1
9714,0
9715,0
9716,0
9717,1
9718,0
9719,1
9720,1
9721,0
9722,0
9723,0
9724,0
9725,1
9726,1
9727,0
9728,1
9729,0
9730,0
9731,0
9732,0
9733,0
9734,0
9735,1
9736,1
9737,0
9738,0
9739,0
9740,0
9741,0
9742,1
9743,1
9744,1
9745,1
9746,0
9747,1
9748,1
9749,0
9750,0
9751,1
9752,0
9753,0
9754,0
9755,1
9756,1
9757,0
9758,0
9759,0
9760,1
9761,0
9762,1
9763,0
9764,0
9765,0
9766,1
9767,0
9768,0
9769,0
9770,1
9771,0
9772,0
9773,0
9774,0
9775,1
9776,1
9777,0
9778,1
9779,1
9780,1
9781,0
9782,0
9783,0
9784,0
9785,1
9786,1
9787,1
9788,1
9789,0
9790,1
9791,1
9792,1
9793,0
9794,1
9795,0
9796,0
9797,1
9798,1
9799,1
9800,1
9801,0
9802,1
9803,1
9804,0
9805,1
9806,0
9807,0
9808,0
9809,0
9810,1
9811,0
9812,0
9813,0
9814,0
9815,1
9816,1
9817,1
9818,1
9819,0
9820,1
9821,0
9822,0
9823,1
9824,1
9825,0
9826,0
9827,0
9828,1
9829,1
9830,0
9831,1
9832,1
9833,0
9834,0
9835,0
9836,1
9837,1
9838,1
9839,0
9840,0
9841,0
9842,0
9843,1
9844,1
9845,1
9846,0
9847,0
9848,0
9849,0
9850,0
9851,1
9852,0
9853,0
9854,0
9855,0
9856,0
9857,0
9858,0
9859,1
9860,1
9861,0
9862,0
9863,0
9864,1
9865,0
9866,1
9867,0
9868,1
9869,1
9870,0
9871,0
9872,0
9873,1
9874,0
9875,1
9876,1
9877,1
9878,0
9879,1
9880,0
9881,0
9882,0
9883,1
9884,0
9885,0
9886,1
9887,0
9888,0
9889,0
9890,0
9891,0
9892,1
9893,1
9894,0
9895,0
9896,1
9897,1
9898,0
9899,1
9900,0
9901,0
9902,0
9903,1
9904,1
9905,0
9906,1
9907,1
9908,0
9909,0
9910,0
9911,1
9912,1
9913,0
9914,0
9915,0
9916,1
9917,0
9918,1
9919,1
9920,1
9921,0
9922,1
9923,1
9924,0
9925,0
9926,0
9927,0
9928,0
9929,1
9930,0
9931,0
9932,0
9933,0
9934,0
9935,0
9936,1
9937,0
9938,0
9939,1
9940,0
9941,1
9942,0
9943,0
9944,0
9945,0
9946,1
9947,0
9948,0
9949,0
9950,0
9951,1
9952,0
9953,0
9954,0
9955,0
9956,0
9957,1
9958,0
9959,0
9960,0
9961,0
9962,0
9963,1
9964,0
9965,1
9966,1
9967,0
9968,1
9969,0
9970,0
9971,0
9972,1
9973,0
9974,0
9975,0
9976,0
9977,0
9978,1
9979,0
9980,1
9981,0
9982,0
9983,0
9984,0
9985,1
9986,1
9987,1
9988,0
9989,0
9990,1
9991,1
9992,1
9993,0
9994,0
9995,0
9996,1
9997,0
9998,0
9999,0
10000,1
10001,1
10002,0
10003,0
10004,0
10005,0
10006,0
10007,0
10008,0
10009,0
10010,0
10011,0
10012,1
10013,0
10014,1
10015,0
10016,1
10017,1
10018,0
10019,1
10020,0
10021,0
10022,0
10023,0
10024,0
10025,0
10026,0
10027,0
10028,0
10029,0
10030,0
10031,0
10032,0
10033,0
10034,0
10035,0
10036,0
10037,0
10038,0
10039,1
10040,1
10041,0
10042,1
10043,0
10044,0
10045,1
10046,0
10047,0
10048,1
10049,1
10050,1
10051,1
10052,1
10053,1
10054,0
10055,1
10056,0
10057,0
10058,0
10059,0
10060,0
10061,1
10062,0
10063,0
10064,1
10065,1
10066,1
10067,1
10068,0
10069,1
10070,0
10071,1
10072,0
10073,0
10074,1
10075,1
10076,0
10077,0
10078,1
10079,1
10080,0
10081,0
10082,1
10083,0
10084,0
10085,0
10086,0
10087,0
10088,1
10089,0
10090,0
10091,1
10092,0
10093,1
10094,0
10095,1
10096,0
10097,0
10098,0
10099,0
10100,1
10101,1
10102,0
10103,1
10104,1
10105,0
10106,0
10107,0
10108,0
10109,0
10110,0
10111,1
10112,0
10113,1
10114,0
10115,0
10116,0
10117,1
10118,0
10119,0
10120,1
10121,1
10122,0
10123,0
10124,1
10125,0
10126,0
10127,0
10128,0
10129,0
10130,1
10131,0
10132,0
10133,1
10134,0
10135,0
10136,1
10137,0
10138,0
10139,0
10140,0
10141,0
10142,0
10143,1
10144,0
10145,1
10146,1
10147,0
10148,1
10149,0
10150,0
10151,1
10152,0
10153,1
10154,0
10155,0
10156,1
10157,0
10158,1
10159,1
10160,1
10161,1
10162,1
10163,0
10164,1
10165,1
10166,0
10167,1
10168,0
10169,1
10170,0
10171,0
10172,0
10173,1
10174,1
10175,0
10176,1
10177,1
10178,0
10179,0
10180,1
10181,1
10182,0
10183,1
10184,0
10185,0
10186,0
10187,0
10188,0
10189,1
10190,0
10191,0
10192,0
10193,0
10194,0
10195,0
10196,0
10197,1
10198,0
10199,1
10200,1
10201,0
10202,0
10203,0
10204,1
10205,0
10206,1
10207,0
10208,0
10209,1
10210,1
10211,0
10212,0
10213,0
10214,0
10215,1
10216,1
10217,0
10218,0
10219,0
10220,0
10221,0
10222,0
10223,0
10224,0
10225,0
10226,0
10227,1
10228,0
10229,1
10230,0
10231,1
10232,1
10233,0
10234,0
10235,0
10236,0
10237,1
10238,1
10239,1
10240,1
10241,1
10242,0
10243,1
10244,0
10245,1
10246,1
10247,0
10248,0
10249,0
10250,0
10251,0
10252,0
10253,0
10254,1
10255,1
10256,0
10257,1
10258,1
10259,0
10260,0
10261,0
10262,1
10263,0
10264,0
10265,1
10266,0
10267,1
10268,1
10269,1
10270,0
10271,1
10272,1
10273,1
10274,1
10275,1
10276,0
10277,0
10278,0
10279,0
10280,0
10281,1
10282,1
10283,0
10284,0
10285,0
10286,0
10287,1
10288,0
10289,1
10290,0
10291,0
10292,0
10293,0
10294,1
10295,0
10296,1
10297,0
10298,0
10299,0
10300,1
10301,1
10302,0
10303,1
10304,0
10305,0
10306,0
10307,0
10308,0
10309,0
10310,0
10311,0
10312,0
10313,0
10314,1
10315,0
10316,0
10317,1
10318,1
10319,1
10320,0
10321,0
10322,1
10323,0
10324,1
10325,0
10326,1
10327,1
10328,1
10329,1
10330,0
10331,0
10332,1
10333,1
10334,0
10335,1
10336,1
10337,1
10338,1
10339,0
10340,1
10341,0
10342,1
10343,0
10344,1
10345,1
10346,0
10347,0
10348,0
10349,0
10350,0
10351,0
10352,1
10353,1
10354,0
10355,0
10356,1
10357,1
10358,0
10359,0
10360,1
10361,1
10362,0
10363,0
10364,1
10365,0
10366,1
10367,1
10368,0
10369,0
10370,1
10371,1
10372,1
10373,0
10374,1
10375,0
10376,0
10377,1
10378,0
10379,0
10380,0
10381,0
10382,0
10383,1
10384,1
10385,0
10386,0
10387,0
10388,0
10389,0
10390,0
10391,1
10392,0
10393,1
10394,1
10395,0
10396,0
10397,0
10398,0
10399,0
10400,1
10401,0
10402,0
10403,0
10404,1
10405,0
10406,0
10407,1
10408,0
10409,0
10410,0
10411,1
10412,0
10413,0
10414,0
10415,1
10416,1
10417,1
10418,1
10419,1
10420,0
10421,0
10422,1
10423,0
10424,1
10425,1
10426,0
10427,1
10428,0
10429,0
10430,0
10431,0
10432,1
10433,0
10434,1
10435,1
10436,0
10437,0
10438,0
10439,0
10440,1
10441,1
10442,1
10443,0
10444,1
10445,0
10446,1
10447,1
10448,0
10449,1
10450,1
10451,0
10452,0
10453,0
10454,0
10455,1
10456,1
10457,1
10458,1
10459,0
10460,0
10461,0
10462,1
10463,0
10464,1
10465,0
10466,1
10467,0
10468,0
10469,0
10470,1
10471,1
10472,1
10473,1
10474,1
10475,1
10476,0
10477,0
10478,0
10479,1
10480,1
10481,1
10482,0
10483,1
10484,1
10485,1
10486,0
10487,0
10488,0
10489,0
10490,0
10491,1
10492,1
10493,1
10494,1
10495,0
10496,0
10497,0
10498,1
10499,0
10500,0
10501,0
10502,1
10503,1
10504,0
10505,0
10506,0
10507,1
10508,1
10509,1
10510,0
10511,1
10512,0
10513,0
10514,0
10515,1
10516,0
10517,0
10518,1
10519,0
10520,1
10521,0
10522,0
10523,0
10524,0
10525,0
10526,1
10527,0
10528,0
10529,0
10530,0
10531,1
10532,0
10533,0
10534,0
10535,1
10536,0
10537,0
10538,1
10539,1
10540,1
10541,0
10542,0
10543,0
10544,0
10545,0
10546,1
10547,0
10548,0
10549,0
10550,0
10551,1
10552,0
10553,1
10554,0
10555,1
10556,0
10557,0
10558,0
10559,1
10560,0
10561,0
10562,0
10563,0
10564,0
10565,0
10566,0
10567,0
10568,0
10569,0
10570,0
10571,1
10572,0
10573,0
10574,1
10575,0
10576,0
10577,1
10578,1
10579,0
10580,0
10581,1
10582,0
10583,0
10584,0
10585,0
10586,0
10587,0
10588,0
10589,0
10590,1
10591,0
10592,1
10593,0
10594,1
10595,0
10596,1
10597,0
10598,0
10599,0
10600,0
10601,0
10602,1
10603,1
10604,0
10605,0
10606,1
10607,0
10608,1
10609,0
10610,1
10611,0
10612,1
10613,0
10614,0
10615,0
10616,0
10617,1
10618,0
10619,1
10620,0
10621,1
10622,0
10623,0
10624,0
10625,0
10626,1
10627,0
10628,0
10629,0
10630,1
10631,0
10632,0
10633,0
10634,0
10635,1
10636,0
10637,0
10638,0
10639,0
10640,0
10641,0
10642,1
10643,0
10644,0
10645,1
10646,0
10647,0
10648,0
10649,1
10650,0
10651,0
10652,1
10653,0
10654,1
10655,1
10656,0
10657,0
10658,0
10659,0
10660,0
10661,0
10662,1
10663,0
10664,0
10665,1
10666,0
10667,1
10668,0
10669,0
10670,0
10671,1
10672,0
10673,0
10674,1
10675,1
10676,0
10677,0
10678,1
10679,0
10680,0
10681,1
10682,0
10683,0
10684,0
10685,0
10686,1
10687,1
10688,0
10689,0
10690,1
10691,0
10692,0
10693,1
10694,0
10695,0
10696,1
10697,1
10698,0
10699,1
10700,1
10701,0
10702,1
10703,0
10704,0
10705,0
10706,0
10707,0
10708,1
10709,0
10710,1
10711,1
10712,1
10713,1
10714,0
10715,0
10716,0
10717,0
10718,1
10719,1
10720,0
10721,0
10722,0
10723,1
10724,1
10725,1
10726,0
10727,0
10728,0
10729,0
10730,0
10731,0
10732,1
10733,1
10734,0
10735,0
10736,1
10737,1
10738,0
10739,1
10740,0
10741,0
10742,1
10743,1
10744,1
10745,1
10746,1
10747,1
10748,0
10749,0
10750,1
10751,0
10752,1
10753,0
10754,1
10755,0
10756,0
10757,1
10758,1
10759,1
10760,0
10761,1
10762,0
10763,0
10764,0
10765,0
10766,1
10767,0
10768,0
10769,1
10770,1
10771,0
10772,0
10773,1
10774,0
10775,0
10776,1
10777,1
10778,0
10779,1
10780,0
10781,1
10782,0
10783,0
10784,0
10785,1
10786,0
10787,1
10788,1
10789,0
10790,0
10791,1
10792,0
10793,0
10794,0
10795,0
10796,1
10797,1
10798,0
10799,0
10800,1
10801,1
10802,0
10803,1
10804,0
10805,0
10806,0
10807,1
10808,1
10809,1
10810,0
10811,0
10812,0
10813,0
10814,0
10815,1
10816,1
10817,0
10818,1
10819,1
10820,1
10821,0
10822,1
10823,1
10824,0
10825,1
10826,1
10827,1
10828,0
10829,0
10830,1
10831,0
10832,0
10833,0
10834,0
10835,0
10836,0
10837,0
10838,0
10839,0
10840,0
10841,1
10842,0
10843,0
10844,1
10845,0
10846,0
10847,0
10848,0
10849,0
10850,1
10851,1
10852,0
10853,0
10854,0
10855,1
10856,0
10857,1
10858,1
10859,0
10860,1
10861,0
10862,1
10863,0
10864,0
10865,0
10866,1
10867,0
10868,0
10869,1
10870,0
10871,0
10872,1
10873,0
10874,0
10875,1
10876,0
10877,0
10878,0
10879,0
10880,0
10881,0
10882,1
10883,0
10884,1
10885,0
10886,1
10887,0
10888,0
10889,0
10890,0
10891,0
10892,0
10893,0
10894,0
10895,0
10896,1
10897,1
10898,0
10899,0
10900,0
10901,0
10902,0
10903,0
10904,0
10905,0
10906,0
10907,0
10908,0
10909,0
10910,0
10911,0
10912,0
10913,0
10914,0
10915,0
10916,1
10917,1
10918,0
10919,0
10920,0
10921,1
10922,0
10923,0
10924,1
10925,1
10926,0
10927,0
10928,0
10929,0
10930,0
10931,1
10932,0
10933,0
10934,0
10935,1
10936,0
10937,1
10938,0
10939,0
10940,1
10941,1
10942,0
10943,1
10944,0
10945,0
10946,0
10947,1
10948,1
10949,1
10950,1
10951,1
10952,1
10953,0
10954,0
10955,1
10956,0
10957,0
10958,0
10959,0
10960,0
10961,1
10962,0
10963,1
10964,1
10965,1
10966,0
10967,0
10968,1
10969,0
10970,0
10971,0
10972,1
10973,1
10974,0
10975,0
10976,0
10977,0
10978,0
10979,1
10980,0
10981,0
10982,1
10983,0
10984,0
10985,1
10986,0
10987,1
10988,0
10989,1
10990,1
10991,0
10992,1
10993,0
10994,0
10995,0
10996,0
10997,0
10998,0
10999,0
11000,0
11001,1
11002,0
11003,1
11004,1
11005,0
11006,0
11007,0
11008,0
11009,0
11010,0
11011,0
11012,1
11013,1
11014,0
11015,1
11016,1
11017,1
11018,0
11019,0
11020,0
11021,1
11022,0
11023,1
11024,1
11025,1
11026,0
11027,0
11028,1
11029,0
11030,0
11031,0
11032,1
11033,0
11034,0
11035,1
11036,0
11037,1
11038,1
11039,1
11040,1
11041,1
11042,1
11043,1
11044,1
11045,0
11046,1
11047,0
11048,1
11049,1
11050,1
11051,0
11052,0
11053,0
11054,1
11055,0
11056,1
11057,1
11058,0
11059,0
11060,0
11061,0
11062,1
11063,1
11064,0
11065,0
11066,0
11067,1
11068,0
11069,0
11070,0
11071,0
11072,1
11073,0
11074,1
11075,0
11076,0
11077,1
11078,0
11079,1
11080,0
11081,0
11082,1
11083,0
11084,1
11085,0
11086,0
11087,0
11088,0
11089,1
11090,1
11091,1
11092,0
11093,0
11094,0
11095,1
11096,1
11097,1
11098,1
11099,1
11100,0
11101,1
11102,0
11103,0
11104,0
11105,0
11106,0
11107,0
11108,0
11109,1
11110,0
11111,0
11112,1
11113,1
11114,0
11115,0
11116,1
11117,0
11118,0
11119,0
11120,0
11121,0
11122,0
11123,1
11124,0
11125,0
11126,1
11127,1
11128,0
11129,0
11130,0
11131,0
11132,1
11133,0
11134,1
11135,0
11136,0
11137,0
11138,0
11139,0
11140,0
11141,0
11142,0
11143,0
11144,0
11145,0
11146,0
11147,0
11148,0
11149,0
11150,1
11151,0
11152,1
11153,0
11154,0
11155,1
11156,0
11157,0
11158,0
11159,1
11160,0
11161,0
11162,0
11163,0
11164,1
11165,0
11166,0
11167,1
11168,1
11169,0
11170,0
11171,1
11172,0
11173,0
11174,0
11175,1
11176,0
11177,0
11178,0
11179,1
11180,0
11181,1
11182,0
11183,1
11184,0
11185,0
11186,0
11187,0
11188,0
11189,1
11190,1
11191,0
11192,1
11193,1
11194,1
11195,0
11196,0
11197,0
11198,0
11199,1
11200,0
11201,0
11202,1
11203,1
11204,0
11205,0
11206,0
11207,1
11208,1
11209,0
11210,0
11211,1
11212,0
11213,1
11214,1
11215,0
11216,0
11217,1
11218,0
11219,0
11220,1
11221,0
11222,1
11223,0
11224,0
11225,0
11226,1
11227,0
11228,1
11229,0
11230,0
11231,1
11232,1
11233,1
11234,1
11235,0
11236,0
11237,1
11238,0
11239,0
11240,0
11241,0
11242,1
11243,0
11244,0
11245,0
11246,1
11247,0
11248,0
11249,0
11250,0
11251,0
11252,0
11253,1
11254,0
11255,1
11256,0
11257,1
11258,0
11259,1
11260,0
11261,1
11262,1
11263,0
11264,1
11265,0
11266,0
11267,1
11268,0
11269,0
11270,0
11271,0
11272,0
11273,0
11274,0
11275,1
11276,0
11277,0
11278,0
11279,0
11280,1
11281,1
11282,1
11283,0
11284,1
11285,0
11286,1
11287,1
11288,1
11289,0
11290,1
11291,0
11292,0
11293,1
11294,0
11295,0
11296,1
11297,0
11298,0
11299,0
11300,0
11301,0
11302,0
11303,0
11304,0
11305,1
11306,1
11307,1
11308,1
11309,0
11310,0
11311,1
11312,1
11313,0
11314,0
11315,0
11316,0
11317,1
11318,0
11319,0
11320,0
11321,0
11322,0
11323,0
11324,1
11325,1
11326,0
11327,1
11328,0
11329,0
11330,0
11331,0
11332,0
11333,0
11334,0
11335,0
11336,0
11337,0
11338,1
11339,1
11340,1
11341,0
11342,1
11343,0
11344,0
11345,1
11346,0
11347,0
11348,0
11349,0
11350,0
11351,0
11352,1
11353,0
11354,0
11355,0
11356,0
11357,1
11358,0
11359,0
11360,0
11361,1
11362,1
11363,0
11364,0
11365,0
11366,0
11367,0
11368,1
11369,1
11370,0
11371,1
11372,0
11373,1
11374,0
11375,1
11376,0
11377,0
11378,1
11379,1
11380,0
11381,0
11382,0
11383,1
11384,0
11385,0
11386,1
11387,0
11388,1
11389,0
11390,0
11391,0
11392,0
11393,0
11394,1
11395,1
11396,1
11397,0
11398,0
11399,0
11400,0
11401,0
11402,1
11403,0
11404,1
11405,0
11406,1
11407,1
11408,1
11409,0
11410,0
11411,0
11412,0
11413,0
11414,0
11415,1
11416,1
11417,0
11418,1
11419,0
11420,0
11421,0
11422,0
11423,1
11424,1
11425,0
11426,1
11427,1
11428,1
11429,0
11430,1
11431,0
11432,0
11433,1
11434,0
11435,0
11436,1
11437,0
11438,0
11439,0
11440,0
11441,0
11442,0
11443,1
11444,0
11445,1
11446,0
11447,0
11448,0
11449,1
11450,0
11451,0
11452,1
11453,1
11454,0
11455,0
11456,0
11457,0
11458,0
11459,1
11460,1
11461,0
11462,0
11463,0
11464,0
11465,1
11466,0
11467,1
11468,0
11469,0
11470,0
11471,0
11472,0
11473,1
11474,0
11475,0
11476,1
11477,0
11478,1
11479,1
11480,0
11481,1
11482,0
11483,0
11484,1
11485,1
11486,1
11487,1
11488,0
11489,0
11490,0
11491,0
11492,0
11493,0
11494,0
11495,0
11496,1
11497,0
11498,0
11499,0
11500,0
11501,0
11502,0
11503,0
11504,1
11505,0
11506,1
11507,0
11508,0
11509,1
11510,1
11511,0
11512,0
11513,0
11514,1
11515,1
11516,0
11517,1
11518,0
11519,0
11520,0
11521,0
11522,1
11523,0
11524,1
11525,0
11526,1
11527,0
11528,0
11529,0
11530,0
11531,0
11532,0
11533,1
11534,1
11535,0
11536,0
11537,0
11538,0
11539,0
11540,1
11541,1
11542,0
11543,0
11544,0
11545,0
11546,0
11547,0
11548,1
11549,1
11550,0
11551,0
11552,0
11553,0
11554,0
11555,1
11556,1
11557,1
11558,1
11559,0
11560,0
11561,0
11562,0
11563,0
11564,1
11565,0
11566,0
11567,1
11568,0
11569,1
11570,0
11571,1
11572,1
11573,0
11574,0
11575,0
11576,0
11577,0
11578,0
11579,0
11580,0
11581,0
11582,0
11583,1
11584,1
11585,1
11586,0
11587,1
11588,0
11589,0
11590,1
11591,0
11592,0
11593,1
11594,0
11595,0
11596,0
11597,1
11598,1
11599,0
11600,0
11601,1
11602,0
11603,1
11604,0
11605,0
11606,1
11607,0
11608,0
11609,0
11610,1
11611,0
11612,0
11613,0
11614,0
11615,1
11616,1
11617,0
11618,0
11619,1
11620,1
11621,0
11622,1
11623,0
11624,0
11625,1
11626,0
11627,1
11628,0
11629,1
11630,0
11631,1
11632,0
11633,0
11634,0
11635,1
11636,1
11637,0
11638,0
11639,0
11640,0
11641,1
11642,0
11643,1
11644,0
11645,0
11646,0
11647,1
11648,0
11649,1
11650,0
11651,0
11652,0
11653,1
11654,0
11655,0
11656,0
11657,0
11658,0
11659,0
11660,1
11661,0
11662,1
11663,0
11664,0
11665,1
11666,0
11667,0
11668,0
11669,0
11670,1
11671,0
11672,0
11673,0
11674,1
11675,0
11676,0
11677,0
11678,0
11679,0
11680,0
11681,1
11682,0
11683,0
11684,1
11685,1
11686,1
11687,1
11688,1
11689,0
11690,1
11691,1
11692,0
11693,0
11694,0
11695,1
11696,1
11697,0
11698,1
11699,1
11700,0
11701,0
11702,0
11703,0
11704,1
11705,0
11706,0
11707,0
11708,0
11709,1
11710,0
11711,0
11712,0
11713,0
11714,0
11715,1
11716,1
11717,1
11718,1
11719,1
11720,1
11721,0
11722,1
11723,0
11724,1
11725,0
11726,0
11727,0
11728,0
11729,0
11730,0
11731,0
11732,1
11733,0
11734,1
11735,0
11736,0
11737,0
11738,0
11739,1
11740,1
11741,1
11742,0
11743,1
11744,1
11745,0
11746,0
11747,0
11748,0
11749,1
11750,1
11751,1
11752,0
11753,0
11754,0
11755,0
11756,1
11757,1
11758,1
11759,0
11760,0
11761,1
11762,0
11763,0
11764,0
11765,0
11766,1
11767,0
11768,1
11769,0
11770,0
11771,0
11772,1
11773,0
11774,1
11775,1
11776,0
11777,1
11778,0
11779,0
11780,1
11781,1
11782,1
11783,0
11784,1
11785,0
11786,0
11787,1
11788,0
11789,0
11790,0
11791,0
11792,0
11793,0
11794,1
11795,0
11796,0
11797,1
11798,0
11799,0
11800,1
11801,0
11802,0
11803,0
11804,0
11805,1
11806,0
11807,0
11808,0
11809,0
11810,0
11811,1
11812,0
11813,1
11814,0
11815,0
11816,1
11817,0
11818,0
11819,1
11820,1
11821,1
11822,0
11823,0
11824,0
11825,0
11826,0
11827,0
11828,0
11829,0
11830,0
11831,1
11832,0
11833,1
11834,0
11835,0
11836,1
11837,0
11838,1
11839,0
11840,0
11841,1
11842,0
11843,0
11844,0
11845,0
11846,0
11847,0
11848,1
11849,1
11850,0
11851,0
11852,0
11853,0
11854,1
11855,1
11856,0
11857,1
11858,0
11859,0
11860,1
11861,1
11862,1
11863,0
11864,1
11865,1
11866,0
11867,0
11868,0
11869,0
11870,0
11871,0
11872,1
11873,1
11874,0
11875,0
11876,1
11877,1
11878,0
11879,1
11880,1
11881,1
11882,1
11883,0
11884,0
11885,1
11886,1
11887,1
11888,0
11889,1
11890,1
11891,1
11892,1
11893,1
11894,0
11895,0
11896,0
11897,1
11898,1
11899,1
11900,1
11901,0
11902,0
11903,0
11904,0
11905,0
11906,1
11907,0
11908,0
11909,1
11910,0
11911,0
11912,0
11913,0
11914,0
11915,0
11916,0
11917,0
11918,0
11919,1
11920,1
11921,0
11922,1
11923,0
11924,0
11925,0
11926,0
11927,0
11928,0
11929,1
11930,1
11931,1
11932,0
11933,0
11934,1
11935,0
11936,0
11937,0
11938,0
11939,0
11940,0
11941,0
11942,0
11943,0
11944,1
11945,0
11946,1
11947,0
11948,0
11949,0
11950,1
11951,1
11952,0
11953,0
11954,1
11955,0
11956,1
11957,1
11958,0
11959,0
11960,0
11961,1
11962,0
11963,0
11964,1
11965,1
11966,1
11967,1
11968,0
11969,0
11970,0
11971,1
11972,1
11973,0
11974,0
11975,0
11976,1
11977,0
11978,0
11979,0
11980,1
11981,1
11982,0
11983,0
11984,0
11985,0
11986,0
11987,0
11988,0
11989,0
11990,0
11991,0
11992,1
11993,1
11994,1
11995,0
11996,0
11997,0
11998,0
11999,0
12000,0
12001,0
12002,1
12003,1
12004,0
12005,1
12006,0
12007,0
12008,0
12009,0
12010,1
12011,0
12012,0
12013,0
12014,1
12015,0
12016,0
12017,0
12018,0
12019,0
12020,0
12021,1
12022,0
12023,0
12024,1
12025,0
12026,1
12027,1
12028,0
12029,1
12030,1
12031,0
12032,0
12033,0
12034,0
12035,0
12036,1
12037,1
12038,0
12039,0
12040,0
12041,0
12042,0
12043,0
12044,0
12045,0
12046,1
12047,0
12048,0
12049,0
12050,0
12051,0
12052,0
12053,1
12054,0
12055,1
12056,1
12057,1
12058,1
12059,0
12060,0
12061,0
12062,1
12063,1
12064,0
12065,1
12066,0
12067,0
12068,0
12069,0
12070,0
12071,0
12072,0
12073,0
12074,0
12075,0
12076,0
12077,1
12078,0
12079,0
12080,0
12081,0
12082,0
12083,1
12084,0
12085,0
12086,0
12087,1
12088,0
12089,1
12090,1
12091,0
12092,0
12093,1
12094,0
12095,0
12096,0
12097,0
12098,1
12099,0
12100,0
12101,1
12102,1
12103,0
12104,0
12105,0
12106,0
12107,0
12108,1
12109,0
12110,0
12111,0
12112,1
12113,0
12114,1
12115,0
12116,0
12117,1
12118,0
12119,0
12120,1
12121,0
12122,1
12123,1
12124,0
12125,0
12126,0
12127,0
12128,0
12129,0
12130,1
12131,0
12132,0
12133,0
12134,0
12135,0
12136,0
12137,0
12138,1
12139,1
12140,0
12141,1
12142,0
12143,1
12144,0
12145,0
12146,0
12147,1
12148,0
12149,1
12150,0
12151,0
12152,1
12153,0
12154,0
12155,0
12156,0
12157,0
12158,0
12159,0
12160,0
12161,1
12162,1
12163,0
12164,0
12165,1
12166,0
12167,1
12168,0
12169,1
12170,0
12171,1
12172,0
12173,0
12174,1
12175,1
12176,0
12177,1
12178,0
12179,1
12180,1
12181,1
12182,0
12183,0
12184,0
12185,0
12186,0
12187,1
12188,0
12189,0
12190,0
12191,1
12192,1
12193,1
12194,0
12195,0
12196,1
12197,0
12198,0
12199,0
12200,0
12201,0
12202,0
12203,0
12204,1
12205,0
12206,1
12207,1
12208,1
12209,0
12210,1
12211,0
12212,0
12213,1
12214,0
12215,0
12216,1
12217,1
12218,0
12219,0
12220,0
12221,0
12222,0
12223,1
12224,1
12225,1
12226,0
12227,0
12228,0
12229,0
12230,0
12231,0
12232,1
12233,0
12234,1
12235,0
12236,1
12237,0
12238,1
12239,0
12240,0
12241,0
12242,0
12243,0
12244,0
12245,0
12246,1
12247,0
12248,0
12249,1
12250,0
12251,0
12252,0
12253,0
12254,1
12255,1
12256,1
12257,1
12258,0
12259,0
12260,0
12261,1
12262,0
12263,0
12264,0
12265,1
12266,0
12267,0
12268,0
12269,1
12270,0
12271,0
12272,0
12273,0
12274,1
12275,0
12276,0
12277,0
12278,0
12279,0
12280,0
12281,0
12282,0
12283,1
12284,0
12285,0
12286,0
12287,1
12288,0
12289,1
12290,0
12291,0
12292,0
12293,1
12294,0
12295,0
12296,1
12297,1
12298,0
12299,0
12300,0
12301,1
12302,1
12303,0
12304,0
12305,0
12306,0
12307,0
12308,1
12309,0
12310,1
12311,0
12312,0
12313,0
12314,0
12315,1
12316,1
12317,0
12318,0
12319,1
12320,0
12321,1
12322,1
12323,0
12324,0
12325,0
12326,0
12327,1
12328,1
12329,1
12330,0
12331,0
12332,1
12333,0
12334,0
12335,0
12336,0
12337,0
12338,1
12339,1
12340,0
12341,1
12342,1
12343,1
12344,1
12345,0
12346,0
12347,0
12348,0
12349,1
12350,0
12351,1
12352,0
12353,0
12354,0
12355,0
12356,0
12357,0
12358,1
12359,1
12360,0
12361,0
12362,1
12363,0
12364,0
12365,1
12366,0
12367,0
12368,1
12369,1
12370,0
12371,0
12372,1
12373,0
12374,0
12375,0
12376,1
12377,0
12378,0
12379,0
12380,0
12381,0
12382,0
12383,0
12384,0
12385,0
12386,1
12387,0
12388,0
12389,0
12390,0
12391,0
12392,0
12393,0
12394,0
12395,1
12396,0
12397,1
12398,0
12399,1
12400,0
12401,1
12402,0
12403,0
12404,0
12405,0
12406,1
12407,0
12408,0
12409,1
12410,1
12411,0
12412,1
12413,0
12414,0
12415,1
12416,1
12417,0
12418,1
12419,0
12420,0
12421,0
12422,1
12423,0
12424,0
12425,0
12426,0
12427,0
12428,0
12429,0
12430,0
12431,1
12432,1
12433,1
12434,0
12435,0
12436,0
12437,1
12438,0
12439,0
12440,0
12441,0
12442,1
12443,0
12444,0
12445,1
12446,1
12447,0
12448,1
12449,0
12450,0
12451,0
12452,1
12453,1
12454,0
12455,0
12456,0
12457,0
12458,0
12459,0
12460,1
12461,0
12462,0
12463,1
12464,0
12465,0
12466,1
12467,1
12468,1
12469,1
12470,0
12471,0
12472,0
12473,1
12474,0
12475,1
12476,0
12477,1
12478,0
12479,1
12480,1
12481,0
12482,0
12483,0
12484,1
12485,1
12486,0
12487,0
12488,1
12489,0
12490,0
12491,0
12492,1
12493,1
12494,1
12495,1
12496,0
12497,1
12498,0
12499,0
12500,0
12501,1
12502,1
12503,1
12504,1
12505,0
12506,0
12507,1
12508,0
12509,0
12510,0
12511,0
12512,0
12513,1
12514,0
12515,0
12516,0
12517,1
12518,1
12519,0
12520,0
12521,0
12522,0
12523,1
12524,1
12525,0
12526,1
12527,0
12528,0
12529,1
12530,0
12531,1
12532,1
12533,0
12534,0
12535,0
12536,0
12537,1
12538,1
12539,0
12540,0
12541,0
12542,0
12543,0
12544,0
12545,0
12546,0
12547,0
12548,0
12549,0
12550,0
12551,1
12552,1
12553,0
12554,0
12555,0
12556,1
12557,0
12558,0
12559,0
12560,0
12561,0
12562,0
12563,1
12564,0
12565,0
12566,0
12567,1
12568,1
12569,0
12570,0
12571,0
12572,0
12573,0
12574,1
12575,0
12576,1
12577,0
12578,0
12579,0
12580,0
12581,0
12582,0
12583,0
12584,1
12585,0
12586,1
12587,0
12588,0
12589,0
12590,0
12591,0
12592,1
12593,0
12594,1
12595,1
12596,0
12597,0
12598,0
12599,0
12600,0
12601,1
12602,1
12603,0
12604,0
12605,0
12606,0
12607,0
12608,0
12609,0
12610,0
12611,0
12612,1
12613,0
12614,1
12615,0
12616,0
12617,0
12618,0
12619,0
12620,1
12621,0
12622,0
12623,0
12624,1
12625,1
12626,1
12627,1
12628,0
12629,0
12630,1
12631,1
12632,1
12633,0
12634,0
12635,0
12636,1
12637,0
12638,1
12639,0
12640,0
12641,0
12642,1
12643,0
12644,1
12645,0
12646,0
12647,0
12648,0
12649,0
12650,1
12651,1
12652,0
12653,0
12654,0
12655,0
12656,1
12657,0
12658,1
12659,1
12660,0
12661,0
12662,1
12663,0
12664,0
12665,1
12666,0
12667,1
12668,0
12669,0
12670,0
12671,0
12672,1
12673,0
12674,0
12675,0
12676,0
12677,0
12678,1
12679,0
12680,0
12681,0
12682,1
12683,1
12684,1
12685,1
12686,0
12687,0
12688,1
12689,1
12690,0
12691,1
12692,0
12693,0
12694,0
12695,0
12696,0
12697,0
12698,1
12699,1
12700,1
12701,0
12702,1
12703,1
12704,0
12705,0
12706,1
12707,0
12708,0
12709,0
12710,0
12711,1
12712,0
12713,0
12714,1
12715,0
12716,0
12717,0
12718,0
12719,1
12720,1
12721,0
12722,1
12723,1
12724,1
12725,0
12726,0
12727,0
12728,0
12729,0
12730,1
12731,0
12732,1
12733,1
12734,0
12735,0
12736,0
12737,0
12738,1
12739,0
12740,1
12741,1
12742,1
12743,0
12744,0
12745,1
12746,0
12747,0
12748,1
12749,0
12750,1
12751,1
12752,0
12753,0
12754,0
12755,0
12756,1
12757,0
12758,0
12759,1
12760,0
12761,1
12762,0
12763,1
12764,1
12765,0
12766,0
12767,0
12768,0
12769,0
12770,0
12771,0
12772,1
12773,0
12774,0
12775,0
12776,1
12777,1
12778,1
12779,1
12780,0
12781,1
12782,1
12783,0
12784,1
12785,0
12786,1
12787,0
12788,0
12789,0
12790,0
12791,0
12792,1
12793,1
12794,0
12795,1
12796,0
12797,0
12798,1
12799,1
12800,1
12801,0
12802,0
12803,1
12804,1
12805,0
12806,0
12807,0
12808,1
12809,1
12810,1
12811,0
12812,1
12813,1
12814,1
12815,1
12816,1
12817,0
12818,1
12819,1
12820,0
12821,0
12822,0
12823,1
12824,0
12825,0
12826,0
12827,0
12828,0
12829,0
12830,0
12831,1
12832,0
12833,0
12834,1
12835,0
12836,0
12837,1
12838,1
12839,0
12840,0
12841,0
12842,0
12843,1
12844,0
12845,0
12846,0
12847,0
12848,0
12849,1
12850,0
12851,1
12852,1
12853,0
12854,0
12855,1
12856,0
12857,0
12858,0
12859,1
12860,1
12861,1
12862,0
12863,0
12864,0
12865,0
12866,0
12867,1
12868,0
12869,1
12870,1
12871,0
12872,1
12873,0
12874,1
12875,0
12876,0
12877,0
12878,0
12879,0
12880,1
12881,1
12882,1
12883,0
12884,1
12885,0
12886,0
12887,0
12888,0
12889,0
12890,0
12891,0
12892,1
12893,0
12894,1
12895,0
12896,1
12897,0
12898,0
12899,1
12900,1
12901,1
12902,0
12903,0
12904,0
12905,1
12906,0
12907,1
12908,0
12909,1
12910,0
12911,0
12912,0
12913,1
12914,0
12915,0
12916,1
12917,1
12918,0
12919,1
12920,0
12921,0
12922,1
12923,0
12924,0
12925,0
12926,0
12927,1
12928,0
12929,1
12930,0
12931,1
12932,0
12933,0
12934,0
12935,0
12936,0
12937,1
12938,0
12939,1
12940,0
12941,0
12942,0
12943,1
12944,1
12945,0
12946,0
12947,0
12948,0
12949,0
12950,0
12951,1
12952,1
12953,0
12954,1
12955,0
12956,0
12957,1
12958,0
12959,1
12960,0
12961,1
12962,0
12963,0
12964,1
12965,0
12966,1
12967,1
12968,0
12969,0
12970,0
12971,0
12972,1
12973,1
12974,1
12975,0
12976,0
12977,0
12978,1
12979,1
12980,0
12981,0
12982,1
12983,0
12984,0
12985,0
12986,0
12987,1
12988,1
12989,0
12990,0
12991,0
12992,0
12993,1
12994,0
12995,0
12996,0
12997,1
12998,0
12999,0
13000,0
13001,1
13002,1
13003,0
13004,0
13005,0
13006,0
13007,1
13008,0
13009,1
13010,0
13011,0
13012,1
13013,1
13014,0
13015,1
13016,0
13017,0
13018,0
13019,0
13020,0
13021,1
13022,1
13023,1
13024,1
13025,1
13026,0
13027,0
13028,0
13029,1
13030,1
13031,0
13032,1
13033,1
13034,1
13035,0
13036,1
13037,0
13038,0
13039,0
13040,0
13041,0
13042,0
13043,1
13044,0
13045,1
13046,1
13047,1
13048,0
13049,0
13050,0
13051,0
13052,0
13053,0
13054,1
13055,0
13056,0
13057,0
13058,1
13059,1
13060,0
13061,1
13062,0
13063,0
13064,0
13065,1
13066,0
13067,0
13068,0
13069,1
13070,0
13071,1
13072,1
13073,0
13074,0
13075,0
13076,1
13077,0
13078,1
13079,0
13080,0
13081,0
13082,0
13083,0
13084,0
13085,0
13086,0
13087,0
13088,1
13089,1
13090,0
13091,1
13092,1
13093,0
13094,1
13095,0
13096,1
13097,0
13098,0
13099,0
13100,0
13101,0
13102,0
13103,1
13104,1
13105,0
13106,1
13107,1
13108,1
13109,1
13110,1
13111,1
13112,0
13113,0
13114,0
13115,0
13116,0
13117,1
13118,0
13119,1
13120,1
13121,0
13122,1
13123,0
13124,1
13125,1
13126,1
13127,1
13128,0
13129,0
13130,1
13131,1
13132,0
13133,0
13134,1
13135,0
13136,0
13137,0
13138,0
13139,0
13140,0
13141,0
13142,1
13143,1
13144,1
13145,1
13146,0
13147,0
13148,1
13149,0
13150,0
13151,0
13152,0
13153,1
13154,0
13155,1
13156,0
13157,0
13158,0
13159,0
13160,1
13161,0
13162,0
13163,1
13164,0
13165,0
13166,0
13167,0
13168,0
13169,0
13170,0
13171,0
13172,0
13173,0
13174,0
13175,0
13176,0
13177,1
13178,0
13179,0
13180,0
13181,0
13182,0
13183,1
13184,1
13185,0
13186,0
13187,0
13188,0
13189,0
13190,0
13191,0
13192,0
13193,0
13194,1
13195,0
13196,0
13197,1
13198,1
13199,0
13200,1
13201,1
13202,0
13203,1
13204,1
13205,1
13206,1
13207,0
13208,1
13209,0
13210,0
13211,0
13212,0
13213,0
13214,1
13215,0
13216,0
13217,1
13218,0
13219,0
13220,1
13221,0
13222,0
13223,0
13224,0
13225,0
13226,0
13227,0
13228,0
13229,0
13230,0
13231,1
13232,1
13233,0
13234,0
13235,0
13236,1
13237,1
13238,1
13239,0
13240,1
13241,0
13242,0
13243,0
13244,1
13245,0
13246,0
13247,0
13248,0
13249,1
13250,0
13251,0
13252,0
13253,0
13254,1
13255,0
13256,1
13257,1
13258,0
13259,1
13260,0
13261,0
13262,0
13263,1
13264,0
13265,0
13266,1
13267,0
13268,0
13269,1
13270,1
13271,0
13272,0
13273,0
13274,0
13275,0
13276,1
13277,0
13278,1
13279,0
13280,0
13281,1
13282,0
13283,0
13284,0
13285,0
13286,0
13287,0
13288,0
13289,0
13290,1
13291,0
13292,1
13293,0
13294,0
13295,1
13296,1
13297,0
13298,0
13299,1
13300,0
13301,1
13302,0
13303,0
13304,1
13305,0
13306,0
13307,0
13308,0
13309,1
13310,1
13311,0
13312,1
13313,1
13314,0
13315,1
13316,0
13317,0
13318,1
13319,1
13320,0
13321,0
13322,0
13323,0
13324,0
13325,0
13326,0
13327,1
13328,1
13329,1
13330,1
13331,0
13332,1
13333,0
13334,0
13335,1
13336,0
13337,0
13338,1
13339,1
13340,0
13341,0
13342,0
13343,0
13344,0
13345,1
13346,1
13347,0
13348,0
13349,1
13350,0
13351,1
13352,0
13353,1
13354,0
13355,0
13356,1
13357,0
13358,0
13359,1
13360,0
13361,1
13362,0
13363,1
13364,0
13365,1
13366,1
13367,0
13368,0
13369,1
13370,0
13371,1
13372,0
13373,0
13374,0
13375,0
13376,1
13377,0
13378,0
13379,0
13380,1
13381,0
13382,1
13383,1
13384,1
13385,1
13386,0
13387,0
13388,1
13389,0
13390,1
13391,0
13392,0
13393,0
13394,0
13395,1
13396,0
13397,0
13398,0
13399,1
13400,0
13401,1
13402,0
13403,0
13404,1
13405,0
13406,0
13407,0
13408,1
13409,1
13410,0
13411,0
13412,0
13413,1
13414,1
13415,0
13416,1
13417,1
13418,0
13419,0
13420,1
13421,0
13422,1
13423,0
13424,0
13425,0
13426,0
13427,0
13428,0
13429,0
13430,0
13431,0
13432,1
13433,0
13434,0
13435,0
13436,0
13437,1
13438,0
13439,0
13440,1
13441,1
13442,1
13443,0
13444,0
13445,0
13446,0
13447,0
13448,0
13449,0
13450,1
13451,0
13452,0
13453,0
13454,0
13455,0
13456,1
13457,1
13458,0
13459,0
13460,1
13461,0
13462,1
13463,1
13464,0
13465,1
13466,1
13467,0
13468,0
13469,0
13470,1
13471,0
13472,0
13473,0
13474,1
13475,0
13476,0
13477,0
13478,0
13479,0
13480,0
13481,0
13482,0
13483,0
13484,1
13485,0
13486,0
13487,0
13488,1
13489,1
13490,1
13491,0
13492,0
13493,1
13494,1
13495,0
13496,0
13497,0
13498,0
13499,1
13500,0
13501,0
13502,1
13503,1
13504,1
13505,0
13506,1
13507,0
13508,0
13509,0
13510,0
13511,1
13512,0
13513,0
13514,1
13515,0
13516,0
13517,0
13518,0
13519,1
13520,1
13521,0
13522,0
13523,1
13524,0
13525,0
13526,0
13527,0
13528,1
13529,0
13530,0
13531,0
13532,1
13533,0
13534,0
13535,1
13536,1
13537,0
13538,1
13539,1
13540,1
13541,0
13542,1
13543,0
13544,0
13545,0
13546,0
13547,1
13548,0
13549,1
13550,0
13551,0
13552,0
13553,1
13554,0
13555,1
13556,0
13557,1
13558,0
13559,0
13560,0
13561,0
13562,0
13563,0
13564,1
13565,1
13566,1
13567,0
13568,0
13569,0
13570,1
13571,1
13572,0
13573,1
13574,0
13575,0
13576,0
13577,1
13578,0
13579,1
13580,1
13581,0
13582,0
13583,0
13584,0
13585,0
13586,0
13587,0
13588,0
13589,1
13590,1
13591,1
13592,0
13593,1
13594,0
13595,1
13596,1
13597,0
13598,0
13599,1
13600,0
13601,0
13602,0
13603,0
13604,0
13605,1
13606,1
13607,0
13608,0
13609,1
13610,1
13611,1
13612,0
13613,0
13614,1
13615,0
13616,1
13617,1
13618,0
13619,1
13620,1
13621,1
13622,1
13623,0
13624,1
13625,0
13626,0
13627,1
13628,0
13629,1
13630,1
13631,0
13632,0
13633,1
13634,0
13635,0
13636,0
13637,0
13638,1
13639,0
13640,0
13641,0
13642,1
13643,0
13644,0
13645,0
13646,0
13647,0
13648,1
13649,0
13650,0
13651,1
13652,1
13653,0
13654,1
13655,0
13656,0
13657,1
13658,0
13659,1
13660,1
13661,1
13662,0
13663,0
13664,0
13665,0
13666,0
13667,0
13668,1
13669,1
13670,1
13671,0
13672,1
13673,0
13674,1
13675,1
13676,0
